{
    "camera_data": {
        "cam2world": [
            [
                -0.9707943201065063,
                0.23991334438323975,
                -1.4901161193847656e-08,
                0.0
            ],
            [
                -0.1719038486480713,
                -0.6955981254577637,
                0.6975616812705994,
                0.0
            ],
            [
                0.16735434532165527,
                0.6771889328956604,
                0.7165247201919556,
                0.0
            ],
            [
                0.2149823158979416,
                0.5328837037086487,
                0.5566198825836182,
                1.0
            ]
        ],
        "camera_look_at": {
            "at": [
                0.09495687057965713,
                0.04720821452384,
                0.04273293425409537
            ],
            "eye": [
                0.21498232132669878,
                0.5328836892078933,
                0.5566198750076565
            ],
            "up": [
                0,
                0,
                1
            ]
        },
        "camera_view_matrix": [
            [
                -0.9707943201065063,
                -0.1719038486480713,
                0.16735434532165527,
                0.0
            ],
            [
                0.23991334438323975,
                -0.6955981254577637,
                0.6771889328956604,
                0.0
            ],
            [
                -1.4901161193847656e-08,
                0.6975616812705994,
                0.7165247201919556,
                0.0
            ],
            [
                0.08085770159959793,
                0.019352495670318604,
                -0.7956730723381042,
                1.0
            ]
        ],
        "height": 1600,
        "intrinsics": {
            "cx": 800.0,
            "cy": 800.0,
            "fx": 1931.371337890625,
            "fy": 1931.371337890625
        },
        "location_world": [
            0.2149823158979416,
            0.5328837037086487,
            0.5566198825836182
        ],
        "quaternion_world_xyzw": [
            0.04549475014209747,
            0.3737216293811798,
            0.9196354150772095,
            0.11195120960474014
        ],
        "scene_center_3d_box": [
            0.024974003434181213,
            0.03969629108905792,
            0.1144767552614212
        ],
        "scene_max_3d_box": [
            0.22658920288085938,
            0.2669350802898407,
            0.2882981300354004
        ],
        "scene_min_3d_box": [
            -0.17664119601249695,
            -0.18754251301288605,
            -0.059344615787267685
        ],
        "width": 1600
    },
    "objects": []
}