{
    "camera_data": {
        "cam2world": [
            [
                -0.9606330394744873,
                -0.2778211534023285,
                0.0,
                0.0
            ],
            [
                0.12714964151382446,
                -0.439650297164917,
                0.8891236186027527,
                0.0
            ],
            [
                -0.24701733887195587,
                0.8541213870048523,
                0.45766717195510864,
                0.0
            ],
            [
                -0.14464350044727325,
                0.658249020576477,
                0.4310646653175354,
                1.0
            ]
        ],
        "camera_look_at": {
            "at": [
                0.06387248949706148,
                -0.06274471564279893,
                0.04473163513616529
            ],
            "eye": [
                -0.1446435008739778,
                0.6582490227894522,
                0.4310646767481039
            ],
            "up": [
                0,
                0,
                1
            ]
        },
        "camera_view_matrix": [
            [
                -0.96063232421875,
                0.12714959681034088,
                -0.2470172643661499,
                0.0
            ],
            [
                -0.27782106399536133,
                -0.4396498203277588,
                0.8541211485862732,
                0.0
            ],
            [
                7.450580596923828e-09,
                0.8891233801841736,
                0.4576672911643982,
                0.0
            ],
            [
                0.04392622038722038,
                -0.07547923922538757,
                -0.7952380180358887,
                1.0
            ]
        ],
        "height": 1600,
        "intrinsics": {
            "cx": 800.0,
            "cy": 800.0,
            "fx": 1931.371337890625,
            "fy": 1931.371337890625
        },
        "location_world": [
            -0.14464350044727325,
            0.658249020576477,
            0.4310646653175354
        ],
        "quaternion_world_xyzw": [
            -0.07305838912725449,
            0.5155859589576721,
            0.8452736735343933,
            -0.11977504938840866
        ],
        "scene_center_3d_box": [
            0.024974003434181213,
            0.03969629108905792,
            0.1144767552614212
        ],
        "scene_max_3d_box": [
            0.22658920288085938,
            0.2669350802898407,
            0.2882981300354004
        ],
        "scene_min_3d_box": [
            -0.17664119601249695,
            -0.18754251301288605,
            -0.059344615787267685
        ],
        "width": 1600
    },
    "objects": []
}