{
    "camera_data": {
        "cam2world": [
            [
                -0.9526184797286987,
                -0.3041689097881317,
                -7.450580596923828e-09,
                0.0
            ],
            [
                0.2660280168056488,
                -0.8331661224365234,
                0.48483404517173767,
                0.0
            ],
            [
                -0.14747142791748047,
                0.4618616998195648,
                0.874606192111969,
                0.0
            ],
            [
                -0.17907015979290009,
                0.33484381437301636,
                0.7041717171669006,
                1.0
            ]
        ],
        "camera_look_at": {
            "at": [
                -0.0738916792179853,
                0.00543822655850959,
                0.08039149567213046
            ],
            "eye": [
                -0.1790701576637721,
                0.33484382194141366,
                0.7041717171746908
            ],
            "up": [
                0,
                0,
                1
            ]
        },
        "camera_view_matrix": [
            [
                -0.9526180028915405,
                0.26602795720100403,
                -0.14747139811515808,
                0.0
            ],
            [
                -0.30416885018348694,
                -0.8331656455993652,
                0.46186158061027527,
                0.0
            ],
            [
                -7.450580596923828e-09,
                0.4848339259624481,
                0.8746062517166138,
                0.0
            ],
            [
                -0.06873638927936554,
                -0.014788299798965454,
                -0.7969322204589844,
                1.0
            ]
        ],
        "height": 1600,
        "intrinsics": {
            "cx": 800.0,
            "cy": 800.0,
            "fx": 1931.371337890625,
            "fy": 1931.371337890625
        },
        "location_world": [
            -0.17907015979290009,
            0.33484381437301636,
            0.7041717171669006
        ],
        "quaternion_world_xyzw": [
            -0.03854021802544594,
            0.24740968644618988,
            0.9566074013710022,
            -0.1490153968334198
        ],
        "scene_center_3d_box": [
            0.024974003434181213,
            0.03969629108905792,
            0.1144767552614212
        ],
        "scene_max_3d_box": [
            0.22658920288085938,
            0.2669350802898407,
            0.2882981300354004
        ],
        "scene_min_3d_box": [
            -0.17664119601249695,
            -0.18754251301288605,
            -0.059344615787267685
        ],
        "width": 1600
    },
    "objects": []
}