{
    "camera_data": {
        "cam2world": [
            [
                0.7766352891921997,
                0.6299505233764648,
                0.0,
                0.0
            ],
            [
                -0.10529211163520813,
                0.1298094391822815,
                0.9859326481819153,
                0.0
            ],
            [
                0.6210886836051941,
                -0.765710175037384,
                0.16714340448379517,
                0.0
            ],
            [
                0.4572376310825348,
                -0.6310997605323792,
                0.1808113157749176,
                1.0
            ]
        ],
        "camera_look_at": {
            "at": [
                0.014345549423393986,
                -0.08507959713208235,
                0.06162293757637784
            ],
            "eye": [
                0.45723761992340073,
                -0.6310997766313893,
                0.18081132287125704
            ],
            "up": [
                0,
                0,
                1
            ]
        },
        "camera_view_matrix": [
            [
                0.7766353487968445,
                -0.10529211163520813,
                0.6210885643959045,
                0.0
            ],
            [
                0.6299504041671753,
                0.1298096776008606,
                -0.7657099962234497,
                0.0
            ],
            [
                0.0,
                0.985932469367981,
                0.1671435832977295,
                0.0
            ],
            [
                0.04245463013648987,
                -0.048201367259025574,
                -0.7974458932876587,
                1.0
            ]
        ],
        "height": 1600,
        "intrinsics": {
            "cx": 800.0,
            "cy": 800.0,
            "fx": 1931.371337890625,
            "fy": 1931.371337890625
        },
        "location_world": [
            0.4572376310825348,
            -0.6310997605323792,
            0.1808113157749176
        ],
        "quaternion_world_xyzw": [
            0.6082109808921814,
            0.21565639972686768,
            0.2552932798862457,
            0.7199980020523071
        ],
        "scene_center_3d_box": [
            0.024974003434181213,
            0.03969629108905792,
            0.1144767552614212
        ],
        "scene_max_3d_box": [
            0.22658920288085938,
            0.2669350802898407,
            0.2882981300354004
        ],
        "scene_min_3d_box": [
            -0.17664119601249695,
            -0.18754251301288605,
            -0.059344615787267685
        ],
        "width": 1600
    },
    "objects": []
}