{
    "camera_data": {
        "cam2world": [
            [
                0.0632925033569336,
                0.997995138168335,
                -2.9802322387695312e-08,
                0.0
            ],
            [
                -0.5204253196716309,
                0.03300511837005615,
                0.8532692193984985,
                0.0
            ],
            [
                0.8515584468841553,
                -0.054005593061447144,
                0.5214707851409912,
                0.0
            ],
            [
                0.6733273267745972,
                -0.08954958617687225,
                0.4226226210594177,
                1.0
            ]
        ],
        "camera_look_at": {
            "at": [
                0.04271893571138835,
                -0.0495565528792757,
                0.0364555188268341
            ],
            "eye": [
                0.6733273107776493,
                -0.08954958273701906,
                0.42262261531287715
            ],
            "up": [
                0,
                0,
                1
            ]
        },
        "camera_view_matrix": [
            [
                0.06329262256622314,
                -0.5204252600669861,
                0.8515582084655762,
                0.0
            ],
            [
                0.9979949593544006,
                0.033005356788635254,
                -0.054005563259124756,
                0.0
            ],
            [
                -2.9802322387695312e-08,
                0.8532690405845642,
                0.5214709043502808,
                0.0
            ],
            [
                0.04675339162349701,
                -0.007238656282424927,
                -0.7985990047454834,
                1.0
            ]
        ],
        "height": 1600,
        "intrinsics": {
            "cx": 800.0,
            "cy": 800.0,
            "fx": 1931.371337890625,
            "fy": 1931.371337890625
        },
        "location_world": [
            0.6733273267745972,
            -0.08954958617687225,
            0.4226226210594177
        ],
        "quaternion_world_xyzw": [
            0.35665687918663025,
            0.3347543478012085,
            0.5969030857086182,
            0.6359577178955078
        ],
        "scene_center_3d_box": [
            0.024974003434181213,
            0.03969629108905792,
            0.1144767552614212
        ],
        "scene_max_3d_box": [
            0.22658920288085938,
            0.2669350802898407,
            0.2882981300354004
        ],
        "scene_min_3d_box": [
            -0.17664119601249695,
            -0.18754251301288605,
            -0.059344615787267685
        ],
        "width": 1600
    },
    "objects": []
}