{
    "camera_data": {
        "cam2world": [
            [
                0.6437302827835083,
                -0.7652524709701538,
                2.9802322387695312e-08,
                0.0
            ],
            [
                0.4058828353881836,
                0.34142863750457764,
                0.8477532863616943,
                0.0
            ],
            [
                -0.6487452983856201,
                -0.5457243919372559,
                0.5303907990455627,
                0.0
            ],
            [
                -0.46813270449638367,
                -0.4670296311378479,
                0.4503251612186432,
                1.0
            ]
        ],
        "camera_look_at": {
            "at": [
                -0.017350397095560702,
                -0.08783163157987675,
                0.0817817915412509
            ],
            "eye": [
                -0.46813271078077734,
                -0.46702964246672674,
                0.4503251514528594
            ],
            "up": [
                0,
                0,
                1
            ]
        },
        "camera_view_matrix": [
            [
                0.6437302827835083,
                0.4058828353881836,
                -0.6487452983856201,
                0.0
            ],
            [
                -0.7652524709701538,
                0.34142863750457764,
                -0.5457243919372559,
                0.0
            ],
            [
                2.9802322387695312e-08,
                0.8477532863616943,
                0.5303907990455627,
                0.0
            ],
            [
                -0.05604441463947296,
                -0.03230029344558716,
                -0.7974166870117188,
                1.0
            ]
        ],
        "height": 1600,
        "intrinsics": {
            "cx": 800.0,
            "cy": 800.0,
            "fx": 1931.371337890625,
            "fy": 1931.371337890625
        },
        "location_world": [
            -0.46813270449638367,
            -0.4670296311378479,
            0.4503251612186432
        ],
        "quaternion_world_xyzw": [
            0.4392922818660736,
            -0.2045162320137024,
            -0.36919909715652466,
            0.7930242419242859
        ],
        "scene_center_3d_box": [
            0.024974003434181213,
            0.03969629108905792,
            0.1144767552614212
        ],
        "scene_max_3d_box": [
            0.22658920288085938,
            0.2669350802898407,
            0.2882981300354004
        ],
        "scene_min_3d_box": [
            -0.17664119601249695,
            -0.18754251301288605,
            -0.059344615787267685
        ],
        "width": 1600
    },
    "objects": []
}