{
    "camera_data": {
        "cam2world": [
            [
                0.04203152656555176,
                -0.9991163015365601,
                0.0,
                0.0
            ],
            [
                0.8454433679580688,
                0.035566747188568115,
                0.5328794717788696,
                0.0
            ],
            [
                -0.532408595085144,
                -0.022397726774215698,
                0.8461911678314209,
                0.0
            ],
            [
                -0.4607747197151184,
                0.04247080162167549,
                0.6525939106941223,
                1.0
            ]
        ],
        "camera_look_at": {
            "at": [
                -0.0664521451970046,
                0.059059465927803506,
                0.025871695417089613
            ],
            "eye": [
                -0.460774731069607,
                0.04247080096302458,
                0.652593940166658
            ],
            "up": [
                0,
                0,
                1
            ]
        },
        "camera_view_matrix": [
            [
                0.04203152656555176,
                0.8454433679580688,
                -0.532408595085144,
                0.0
            ],
            [
                -0.9991163015365601,
                0.035566747188568115,
                -0.022397726774215698,
                0.0
            ],
            [
                0.0,
                0.5328794717788696,
                0.8461911678314209,
                0.0
            ],
            [
                0.061800334602594376,
                0.04029446840286255,
                -0.7965884208679199,
                1.0
            ]
        ],
        "height": 1600,
        "intrinsics": {
            "cx": 800.0,
            "cy": 800.0,
            "fx": 1931.371337890625,
            "fy": 1931.371337890625
        },
        "location_world": [
            -0.4607747197151184,
            0.04247080162167549,
            0.6525939106941223
        ],
        "quaternion_world_xyzw": [
            0.20017097890377045,
            -0.19192710518836975,
            -0.6649422645568848,
            0.6935036778450012
        ],
        "scene_center_3d_box": [
            0.024974003434181213,
            0.03969629108905792,
            0.1144767552614212
        ],
        "scene_max_3d_box": [
            0.22658920288085938,
            0.2669350802898407,
            0.2882981300354004
        ],
        "scene_min_3d_box": [
            -0.17664119601249695,
            -0.18754251301288605,
            -0.059344615787267685
        ],
        "width": 1600
    },
    "objects": []
}