{
    "camera_data": {
        "cam2world": [
            [
                -0.9998362064361572,
                -0.018095707520842552,
                0.0,
                0.0
            ],
            [
                0.011883268132805824,
                -0.6565823554992676,
                0.7541606426239014,
                0.0
            ],
            [
                -0.013647071085870266,
                0.7540371417999268,
                0.6566899418830872,
                0.0
            ],
            [
                0.007048957981169224,
                0.5871373414993286,
                0.5433988571166992,
                1.0
            ]
        ],
        "camera_look_at": {
            "at": [
                0.016847107034834233,
                0.04576335844957283,
                0.07191706404724207
            ],
            "eye": [
                0.007048957855556104,
                0.5871373640486095,
                0.5433988780409813
            ],
            "up": [
                0,
                0,
                1
            ]
        },
        "camera_view_matrix": [
            [
                -0.9998362064361572,
                0.011883268132805824,
                -0.013647071085870266,
                0.0
            ],
            [
                -0.018095707520842552,
                -0.6565823554992676,
                0.7540371417999268,
                0.0
            ],
            [
                0.0,
                0.7541606426239014,
                0.6566899418830872,
                0.0
            ],
            [
                0.017672469839453697,
                -0.024389803409576416,
                -0.7994717359542847,
                1.0
            ]
        ],
        "height": 1600,
        "intrinsics": {
            "cx": 800.0,
            "cy": 800.0,
            "fx": 1931.371337890625,
            "fy": 1931.371337890625
        },
        "location_world": [
            0.007048957981169224,
            0.5871373414993286,
            0.5433988571166992
        ],
        "quaternion_world_xyzw": [
            -0.003748794551938772,
            0.4142957627773285,
            0.9100973010063171,
            -0.008235101588070393
        ],
        "scene_center_3d_box": [
            0.024974003434181213,
            0.03969629108905792,
            0.1144767552614212
        ],
        "scene_max_3d_box": [
            0.22658920288085938,
            0.2669350802898407,
            0.2882981300354004
        ],
        "scene_min_3d_box": [
            -0.17664119601249695,
            -0.18754251301288605,
            -0.059344615787267685
        ],
        "width": 1600
    },
    "objects": []
}