{
    "camera_data": {
        "cam2world": [
            [
                -0.7586983442306519,
                0.6514421701431274,
                -1.4901161193847656e-08,
                0.0
            ],
            [
                -0.592605710029602,
                -0.6901748180389404,
                0.41530367732048035,
                0.0
            ],
            [
                0.2705463171005249,
                0.31509020924568176,
                0.9096828103065491,
                0.0
            ],
            [
                0.18510417640209198,
                0.24469278752803802,
                0.7388443350791931,
                1.0
            ]
        ],
        "camera_look_at": {
            "at": [
                -0.007085428518915027,
                0.020860259338878723,
                0.09262749454966972
            ],
            "eye": [
                0.18510418358349165,
                0.24469279153115162,
                0.7388443164307832
            ],
            "up": [
                0,
                0,
                1
            ]
        },
        "camera_view_matrix": [
            [
                -0.7586983442306519,
                -0.592605710029602,
                0.2705463171005249,
                0.0
            ],
            [
                0.6514421701431274,
                -0.6901748180389404,
                0.31509020924568176,
                0.0
            ],
            [
                -1.4901161193847656e-08,
                0.41530367732048035,
                0.9096828103065491,
                0.0
            ],
            [
                -0.018964964896440506,
                -0.028270184993743896,
                -0.799293577671051,
                1.0
            ]
        ],
        "height": 1600,
        "intrinsics": {
            "cx": 800.0,
            "cy": 800.0,
            "fx": 1931.371337890625,
            "fy": 1931.371337890625
        },
        "location_world": [
            0.18510417640209198,
            0.24469278752803802,
            0.7388443350791931
        ],
        "quaternion_world_xyzw": [
            0.07381340861320496,
            0.19927409291267395,
            0.9163181781768799,
            0.3394148051738739
        ],
        "scene_center_3d_box": [
            0.024974003434181213,
            0.03969629108905792,
            0.1144767552614212
        ],
        "scene_max_3d_box": [
            0.22658920288085938,
            0.2669350802898407,
            0.2882981300354004
        ],
        "scene_min_3d_box": [
            -0.17664119601249695,
            -0.18754251301288605,
            -0.059344615787267685
        ],
        "width": 1600
    },
    "objects": []
}