{
    "camera_data": {
        "cam2world": [
            [
                -0.6331584453582764,
                0.7740222811698914,
                0.0,
                0.0
            ],
            [
                -0.09314906597137451,
                -0.07619690895080566,
                0.9927322864532471,
                0.0
            ],
            [
                0.7683968544006348,
                0.6285567283630371,
                0.12034416198730469,
                0.0
            ],
            [
                0.5917379856109619,
                0.5100606083869934,
                0.17243748903274536,
                1.0
            ]
        ],
        "camera_look_at": {
            "at": [
                -0.05198334725487073,
                -0.016510273653732227,
                0.0716196402346452
            ],
            "eye": [
                0.5917379969124275,
                0.5100606335385356,
                0.17243748276105064
            ],
            "up": [
                0,
                0,
                1
            ]
        },
        "camera_view_matrix": [
            [
                -0.6331584453582764,
                -0.09314906597137451,
                0.7683968544006348,
                0.0
            ],
            [
                0.7740222811698914,
                -0.07619690895080566,
                0.6285567283630371,
                0.0
            ],
            [
                0.0,
                0.9927322864532471,
                0.12034416198730469,
                0.0
            ],
            [
                -0.020134389400482178,
                -0.07719936966896057,
                -0.7960434556007385,
                1.0
            ]
        ],
        "height": 1600,
        "intrinsics": {
            "cx": 800.0,
            "cy": 800.0,
            "fx": 1931.371337890625,
            "fy": 1931.371337890625
        },
        "location_world": [
            0.5917379856109619,
            0.5100606083869934,
            0.17243748903274536
        ],
        "quaternion_world_xyzw": [
            0.2840309739112854,
            0.5992948412895203,
            0.6763319373130798,
            0.3205420672893524
        ],
        "scene_center_3d_box": [
            0.024974003434181213,
            0.03969629108905792,
            0.1144767552614212
        ],
        "scene_max_3d_box": [
            0.22658920288085938,
            0.2669350802898407,
            0.2882981300354004
        ],
        "scene_min_3d_box": [
            -0.17664119601249695,
            -0.18754251301288605,
            -0.059344615787267685
        ],
        "width": 1600
    },
    "objects": []
}