{
    "camera_data": {
        "cam2world": [
            [
                0.3935920000076294,
                0.919285237789154,
                1.4901161193847656e-08,
                0.0
            ],
            [
                -0.895137369632721,
                0.3832530975341797,
                0.22769755125045776,
                0.0
            ],
            [
                0.20931899547576904,
                -0.0896199569106102,
                0.9737318754196167,
                0.0
            ],
            [
                0.2508842945098877,
                -0.10802189260721207,
                0.7519316077232361,
                1.0
            ]
        ],
        "camera_look_at": {
            "at": [
                0.09824194004536158,
                -0.04266805200555915,
                0.041853974502891404
            ],
            "eye": [
                0.2508842957276471,
                -0.10802189402523421,
                0.7519315885681106
            ],
            "up": [
                0,
                0,
                1
            ]
        },
        "camera_view_matrix": [
            [
                0.3935920000076294,
                -0.895137369632721,
                0.20931899547576904,
                0.0
            ],
            [
                0.919285237789154,
                0.3832530975341797,
                -0.0896199569106102,
                0.0
            ],
            [
                1.4901161193847656e-08,
                0.22769755125045776,
                0.9737318754196167,
                0.0
            ],
            [
                0.0005568675696849823,
                0.0947626382112503,
                -0.7943755388259888,
                1.0
            ]
        ],
        "height": 1600,
        "intrinsics": {
            "cx": 800.0,
            "cy": 800.0,
            "fx": 1931.371337890625,
            "fy": 1931.371337890625
        },
        "location_world": [
            0.2508842945098877,
            -0.10802189260721207,
            0.7519316077232361
        ],
        "quaternion_world_xyzw": [
            0.09566479176282883,
            0.06310542672872543,
            0.5470116138458252,
            0.8292431831359863
        ],
        "scene_center_3d_box": [
            0.024974003434181213,
            0.03969629108905792,
            0.1144767552614212
        ],
        "scene_max_3d_box": [
            0.22658920288085938,
            0.2669350802898407,
            0.2882981300354004
        ],
        "scene_min_3d_box": [
            -0.17664119601249695,
            -0.18754251301288605,
            -0.059344615787267685
        ],
        "width": 1600
    },
    "objects": []
}