{
    "camera_data": {
        "cam2world": [
            [
                -0.834402322769165,
                0.5511559247970581,
                -2.9802322387695312e-08,
                0.0
            ],
            [
                -0.47540703415870667,
                -0.7197251319885254,
                0.5059486031532288,
                0.0
            ],
            [
                0.2788565456867218,
                0.4221647083759308,
                0.8625636100769043,
                0.0
            ],
            [
                0.24078266322612762,
                0.2847331464290619,
                0.7077755928039551,
                1.0
            ]
        ],
        "camera_look_at": {
            "at": [
                0.0219227480714987,
                -0.046601798790764586,
                0.0307945605759275
            ],
            "eye": [
                0.24078266732004946,
                0.28473314088245694,
                0.7077755691537447
            ],
            "up": [
                0,
                0,
                1
            ]
        },
        "camera_view_matrix": [
            [
                -0.834402322769165,
                -0.47540703415870667,
                0.2788565456867218,
                0.0
            ],
            [
                0.5511559247970581,
                -0.7197251319885254,
                0.4221647083759308,
                0.0
            ],
            [
                -2.9802322387695312e-08,
                0.5059486031532288,
                0.8625636100769043,
                0.0
            ],
            [
                0.0439772829413414,
                -0.038698673248291016,
                -0.7978495359420776,
                1.0
            ]
        ],
        "height": 1600,
        "intrinsics": {
            "cx": 800.0,
            "cy": 800.0,
            "fx": 1931.371337890625,
            "fy": 1931.371337890625
        },
        "location_world": [
            0.24078266322612762,
            0.2847331464290619,
            0.7077755928039551
        ],
        "quaternion_world_xyzw": [
            0.07543066889047623,
            0.251054584980011,
            0.9242146611213684,
            0.2776851952075958
        ],
        "scene_center_3d_box": [
            0.024974003434181213,
            0.03969629108905792,
            0.1144767552614212
        ],
        "scene_max_3d_box": [
            0.22658920288085938,
            0.2669350802898407,
            0.2882981300354004
        ],
        "scene_min_3d_box": [
            -0.17664119601249695,
            -0.18754251301288605,
            -0.059344615787267685
        ],
        "width": 1600
    },
    "objects": []
}