{
    "camera_data": {
        "cam2world": [
            [
                0.6374562978744507,
                -0.7704864740371704,
                0.0,
                0.0
            ],
            [
                0.3120589256286621,
                0.2581796646118164,
                0.9143098592758179,
                0.0
            ],
            [
                -0.7044634222984314,
                -0.5828325748443604,
                0.40501540899276733,
                0.0
            ],
            [
                -0.5190358757972717,
                -0.49699005484580994,
                0.35158708691596985,
                1.0
            ]
        ],
        "camera_look_at": {
            "at": [
                0.011606155908482754,
                -0.05796727626317608,
                0.04650634924897632
            ],
            "eye": [
                -0.5190358855898485,
                -0.49699004766002075,
                0.3515870817252769
            ],
            "up": [
                0,
                0,
                1
            ]
        },
        "camera_view_matrix": [
            [
                0.6374562978744507,
                0.3120589256286621,
                -0.7044634222984314,
                0.0
            ],
            [
                -0.7704864740371704,
                0.2581796646118164,
                -0.5828325748443604,
                0.0
            ],
            [
                0.0,
                0.9143098592758179,
                0.40501540899276733,
                0.0
            ],
            [
                -0.05206140875816345,
                -0.031177043914794922,
                -0.7977020144462585,
                1.0
            ]
        ],
        "height": 1600,
        "intrinsics": {
            "cx": 800.0,
            "cy": 800.0,
            "fx": 1931.371337890625,
            "fy": 1931.371337890625
        },
        "location_world": [
            -0.5190358757972717,
            -0.49699005484580994,
            0.35158708691596985
        ],
        "quaternion_world_xyzw": [
            0.49352335929870605,
            -0.2322218269109726,
            -0.3568541407585144,
            0.7583948969841003
        ],
        "scene_center_3d_box": [
            0.024974003434181213,
            0.03969629108905792,
            0.1144767552614212
        ],
        "scene_max_3d_box": [
            0.22658920288085938,
            0.2669350802898407,
            0.2882981300354004
        ],
        "scene_min_3d_box": [
            -0.17664119601249695,
            -0.18754251301288605,
            -0.059344615787267685
        ],
        "width": 1600
    },
    "objects": []
}