{
    "camera_data": {
        "cam2world": [
            [
                -0.9439237117767334,
                -0.3301635980606079,
                -1.4901161193847656e-08,
                0.0
            ],
            [
                0.0590750128030777,
                -0.1688929796218872,
                0.9838624000549316,
                0.0
            ],
            [
                -0.3248355984687805,
                0.928691029548645,
                0.1789265275001526,
                0.0
            ],
            [
                -0.32546016573905945,
                0.7071019411087036,
                0.18462452292442322,
                1.0
            ]
        ],
        "camera_look_at": {
            "at": [
                -0.058098927698354896,
                -0.05727240135853735,
                0.03735619174103547
            ],
            "eye": [
                -0.32546015107574555,
                0.7071019317346727,
                0.18462452595195958
            ],
            "up": [
                0,
                0,
                1
            ]
        },
        "camera_view_matrix": [
            [
                -0.9439237117767334,
                0.0590750128030777,
                -0.3248355984687805,
                0.0
            ],
            [
                -0.3301635980606079,
                -0.1688929796218872,
                0.928691029548645,
                0.0
            ],
            [
                -1.4901161193847656e-08,
                0.9838624000549316,
                0.1789265275001526,
                0.0
            ],
            [
                -0.07375025749206543,
                -0.04299400746822357,
                -0.7954344749450684,
                1.0
            ]
        ],
        "height": 1600,
        "intrinsics": {
            "cx": 800.0,
            "cy": 800.0,
            "fx": 1931.371337890625,
            "fy": 1931.371337890625
        },
        "location_world": [
            -0.32546016573905945,
            0.7071019411087036,
            0.18462452292442322
        ],
        "quaternion_world_xyzw": [
            -0.10728787630796432,
            0.6316850781440735,
            0.7569252252578735,
            -0.1285591423511505
        ],
        "scene_center_3d_box": [
            0.024974003434181213,
            0.03969629108905792,
            0.1144767552614212
        ],
        "scene_max_3d_box": [
            0.22658920288085938,
            0.2669350802898407,
            0.2882981300354004
        ],
        "scene_min_3d_box": [
            -0.17664119601249695,
            -0.18754251301288605,
            -0.059344615787267685
        ],
        "width": 1600
    },
    "objects": []
}