{
    "camera_data": {
        "cam2world": [
            [
                0.5680087208747864,
                0.8230225443840027,
                2.9802322387695312e-08,
                0.0
            ],
            [
                -0.5826862454414368,
                0.40214067697525024,
                0.7062291502952576,
                0.0
            ],
            [
                0.581242561340332,
                -0.4011443257331848,
                0.7079833149909973,
                0.0
            ],
            [
                0.4449239671230316,
                -0.24897213280200958,
                0.6164957880973816,
                1.0
            ]
        ],
        "camera_look_at": {
            "at": [
                -0.014742352441221379,
                0.0682664032832315,
                0.056598541897951264
            ],
            "eye": [
                0.44492397607567363,
                -0.24897213130483334,
                0.6164957749171864
            ],
            "up": [
                0,
                0,
                1
            ]
        },
        "camera_view_matrix": [
            [
                0.5680087208747864,
                -0.5826862454414368,
                0.581242561340332,
                0.0
            ],
            [
                0.8230225443840027,
                0.40214067697525024,
                -0.4011443257331848,
                0.0
            ],
            [
                2.9802322387695312e-08,
                0.7062291502952576,
                0.7079833149909973,
                0.0
            ],
            [
                -0.04781102016568184,
                -0.07601436972618103,
                -0.7949512004852295,
                1.0
            ]
        ],
        "height": 1600,
        "intrinsics": {
            "cx": 800.0,
            "cy": 800.0,
            "fx": 1931.371337890625,
            "fy": 1931.371337890625
        },
        "location_world": [
            0.4449239671230316,
            -0.24897213280200958,
            0.6164957880973816
        ],
        "quaternion_world_xyzw": [
            0.33833590149879456,
            0.17758706212043762,
            0.42948630452156067,
            0.8182500600814819
        ],
        "scene_center_3d_box": [
            0.024974003434181213,
            0.03969629108905792,
            0.1144767552614212
        ],
        "scene_max_3d_box": [
            0.22658920288085938,
            0.2669350802898407,
            0.2882981300354004
        ],
        "scene_min_3d_box": [
            -0.17664119601249695,
            -0.18754251301288605,
            -0.059344615787267685
        ],
        "width": 1600
    },
    "objects": []
}