{
    "camera_data": {
        "cam2world": [
            [
                0.9216474890708923,
                -0.38802820444107056,
                -7.450580596923828e-09,
                0.0
            ],
            [
                0.3415629267692566,
                0.811282753944397,
                0.47450506687164307,
                0.0
            ],
            [
                -0.18412134051322937,
                -0.43732643127441406,
                0.8802527785301208,
                0.0
            ],
            [
                -0.12026084959506989,
                -0.3997418284416199,
                0.6824734210968018,
                1.0
            ]
        ],
        "camera_look_at": {
            "at": [
                0.01076529112872135,
                -0.08852752861049976,
                0.05605973986574003
            ],
            "eye": [
                -0.12026084657959331,
                -0.39974182235735634,
                0.6824734221628748
            ],
            "up": [
                0,
                0,
                1
            ]
        },
        "camera_view_matrix": [
            [
                0.9216474890708923,
                0.3415629267692566,
                -0.18412134051322937,
                0.0
            ],
            [
                -0.38802820444107056,
                0.811282753944397,
                -0.43732643127441406,
                0.0
            ],
            [
                -7.450580596923828e-09,
                0.47450506687164307,
                0.8802527785301208,
                0.0
            ],
            [
                -0.04427299275994301,
                0.04154321551322937,
                -0.7977094054222107,
                1.0
            ]
        ],
        "height": 1600,
        "intrinsics": {
            "cx": 800.0,
            "cy": 800.0,
            "fx": 1931.371337890625,
            "fy": 1931.371337890625
        },
        "location_world": [
            -0.12026084959506989,
            -0.3997418284416199,
            0.6824734210968018
        ],
        "quaternion_world_xyzw": [
            0.23984992504119873,
            -0.0484316311776638,
            -0.19191306829452515,
            0.9504187703132629
        ],
        "scene_center_3d_box": [
            0.024974003434181213,
            0.03969629108905792,
            0.1144767552614212
        ],
        "scene_max_3d_box": [
            0.22658920288085938,
            0.2669350802898407,
            0.2882981300354004
        ],
        "scene_min_3d_box": [
            -0.17664119601249695,
            -0.18754251301288605,
            -0.059344615787267685
        ],
        "width": 1600
    },
    "objects": []
}