{
    "camera_data": {
        "cam2world": [
            [
                0.9985312223434448,
                -0.054179660975933075,
                0.0,
                0.0
            ],
            [
                0.04106704890727997,
                0.7568657398223877,
                0.6522789001464844,
                0.0
            ],
            [
                -0.03534024953842163,
                -0.6513208150863647,
                0.7579790353775024,
                0.0
            ],
            [
                -0.015556099824607372,
                -0.4493054151535034,
                0.6617228388786316,
                1.0
            ]
        ],
        "camera_look_at": {
            "at": [
                0.011921187279539641,
                0.05710103563769095,
                0.07238886281187377
            ],
            "eye": [
                -0.015556100076307366,
                -0.4493054236715853,
                0.6617228311720051
            ],
            "up": [
                0,
                0,
                1
            ]
        },
        "camera_view_matrix": [
            [
                0.9985312223434448,
                0.04106704890727997,
                -0.03534024953842163,
                0.0
            ],
            [
                -0.054179660975933075,
                0.7568657398223877,
                -0.6513208150863647,
                0.0
            ],
            [
                0.0,
                0.6522789001464844,
                0.7579790353775024,
                0.0
            ],
            [
                -0.00880996324121952,
                -0.09092512726783752,
                -0.7947637438774109,
                1.0
            ]
        ],
        "height": 1600,
        "intrinsics": {
            "cx": 800.0,
            "cy": 800.0,
            "fx": 1931.371337890625,
            "fy": 1931.371337890625
        },
        "location_world": [
            -0.015556099824607372,
            -0.4493054151535034,
            0.6617228388786316
        ],
        "quaternion_world_xyzw": [
            0.3477378487586975,
            -0.009427082724869251,
            -0.025407250970602036,
            0.9372000694274902
        ],
        "scene_center_3d_box": [
            0.024974003434181213,
            0.03969629108905792,
            0.1144767552614212
        ],
        "scene_max_3d_box": [
            0.22658920288085938,
            0.2669350802898407,
            0.2882981300354004
        ],
        "scene_min_3d_box": [
            -0.17664119601249695,
            -0.18754251301288605,
            -0.059344615787267685
        ],
        "width": 1600
    },
    "objects": []
}