{
    "camera_data": {
        "cam2world": [
            [
                -0.9646590948104858,
                0.26350119709968567,
                -1.4901161193847656e-08,
                0.0
            ],
            [
                -0.13485673069953918,
                -0.49370086193084717,
                0.8591118454933167,
                0.0
            ],
            [
                0.2263769954442978,
                0.8287500739097595,
                0.5117878913879395,
                0.0
            ],
            [
                0.2682580351829529,
                0.6065786480903625,
                0.4473269581794739,
                1.0
            ]
        ],
        "camera_look_at": {
            "at": [
                0.09969338538363393,
                -0.0105245137911055,
                0.06623990205000824
            ],
            "eye": [
                0.2682580447522492,
                0.6065786243553964,
                0.44732694450104626
            ],
            "up": [
                0,
                0,
                1
            ]
        },
        "camera_view_matrix": [
            [
                -0.9646590948104858,
                -0.13485673069953918,
                0.2263769954442978,
                0.0
            ],
            [
                0.26350119709968567,
                -0.49370086193084717,
                0.8287500739097595,
                0.0
            ],
            [
                -1.4901161193847656e-08,
                0.8591118454933167,
                0.5117878913879395,
                0.0
            ],
            [
                0.09894336014986038,
                -0.04865908622741699,
                -0.7923661470413208,
                1.0
            ]
        ],
        "height": 1600,
        "intrinsics": {
            "cx": 800.0,
            "cy": 800.0,
            "fx": 1931.371337890625,
            "fy": 1931.371337890625
        },
        "location_world": [
            0.2682580351829529,
            0.6065786480903625,
            0.4473269581794739
        ],
        "quaternion_world_xyzw": [
            0.0656769871711731,
            0.4896862208843231,
            0.8617058396339417,
            0.1155724823474884
        ],
        "scene_center_3d_box": [
            0.024974003434181213,
            0.03969629108905792,
            0.1144767552614212
        ],
        "scene_max_3d_box": [
            0.22658920288085938,
            0.2669350802898407,
            0.2882981300354004
        ],
        "scene_min_3d_box": [
            -0.17664119601249695,
            -0.18754251301288605,
            -0.059344615787267685
        ],
        "width": 1600
    },
    "objects": []
}