{
    "camera_data": {
        "cam2world": [
            [
                0.9472827911376953,
                0.3203986883163452,
                0.0,
                0.0
            ],
            [
                -0.2740055322647095,
                0.8101179599761963,
                0.518295168876648,
                0.0
            ],
            [
                0.16606105864048004,
                -0.4909720718860626,
                0.8552018404006958,
                0.0
            ],
            [
                0.21211615204811096,
                -0.3907274603843689,
                0.6651181578636169,
                1.0
            ]
        ],
        "camera_look_at": {
            "at": [
                0.0866066272549802,
                -0.019649088545796528,
                0.01875370737094939
            ],
            "eye": [
                0.21211615135852055,
                -0.39072745986085294,
                0.665118141964931
            ],
            "up": [
                0,
                0,
                1
            ]
        },
        "camera_view_matrix": [
            [
                0.9472827911376953,
                -0.2740054428577423,
                0.16606102883815765,
                0.0
            ],
            [
                0.32039859890937805,
                0.8101180195808411,
                -0.49097195267677307,
                0.0
            ],
            [
                0.0,
                0.5182949900627136,
                0.8552018404006958,
                0.0
            ],
            [
                -0.07574544847011566,
                0.029928922653198242,
                -0.7958707213401794,
                1.0
            ]
        ],
        "height": 1600,
        "intrinsics": {
            "cx": 800.0,
            "cy": 800.0,
            "fx": 1931.371337890625,
            "fy": 1931.371337890625
        },
        "location_world": [
            0.21211615204811096,
            -0.3907274603843689,
            0.6651181578636169
        ],
        "quaternion_world_xyzw": [
            0.2655009329319,
            0.04368453472852707,
            0.1563657969236374,
            0.9503424167633057
        ],
        "scene_center_3d_box": [
            0.024974003434181213,
            0.03969629108905792,
            0.1144767552614212
        ],
        "scene_max_3d_box": [
            0.22658920288085938,
            0.2669350802898407,
            0.2882981300354004
        ],
        "scene_min_3d_box": [
            -0.17664119601249695,
            -0.18754251301288605,
            -0.059344615787267685
        ],
        "width": 1600
    },
    "objects": []
}