{
    "camera_data": {
        "cam2world": [
            [
                -0.9999357461929321,
                0.011343163438141346,
                2.3283064365386963e-10,
                0.0
            ],
            [
                -0.00905368011444807,
                -0.7981104850769043,
                0.6024430990219116,
                0.0
            ],
            [
                0.006833610124886036,
                0.6024043560028076,
                0.7981618642807007,
                0.0
            ],
            [
                0.051754143089056015,
                0.4818728268146515,
                0.6365169286727905,
                1.0
            ]
        ],
        "camera_look_at": {
            "at": [
                0.0470219175047796,
                0.06471225154103258,
                0.08379572941204334
            ],
            "eye": [
                0.051754143073229925,
                0.48187284020533333,
                0.6365169378887119
            ],
            "up": [
                0,
                0,
                1
            ]
        },
        "camera_view_matrix": [
            [
                -0.9999357461929321,
                -0.00905368011444807,
                0.006833610124886036,
                0.0
            ],
            [
                0.011343163438141346,
                -0.7981104850769043,
                0.6024043560028076,
                0.0
            ],
            [
                2.3283064365386963e-10,
                0.6024430990219116,
                0.7981618642807007,
                0.0
            ],
            [
                0.04628485441207886,
                0.0015910863876342773,
                -0.7986794710159302,
                1.0
            ]
        ],
        "height": 1600,
        "intrinsics": {
            "cx": 800.0,
            "cy": 800.0,
            "fx": 1931.371337890625,
            "fy": 1931.371337890625
        },
        "location_world": [
            0.051754143089056015,
            0.4818728268146515,
            0.6365169286727905
        ],
        "quaternion_world_xyzw": [
            0.0018017636612057686,
            0.3176725208759308,
            0.948183536529541,
            0.005377873312681913
        ],
        "scene_center_3d_box": [
            0.024974003434181213,
            0.03969629108905792,
            0.1144767552614212
        ],
        "scene_max_3d_box": [
            0.22658920288085938,
            0.2669350802898407,
            0.2882981300354004
        ],
        "scene_min_3d_box": [
            -0.17664119601249695,
            -0.18754251301288605,
            -0.059344615787267685
        ],
        "width": 1600
    },
    "objects": []
}