{
    "camera_data": {
        "cam2world": [
            [
                -0.20619750022888184,
                0.9785104990005493,
                -5.960464477539063e-08,
                0.0
            ],
            [
                -0.4504488706588745,
                -0.09492123126983643,
                0.8877420425415039,
                0.0
            ],
            [
                0.8686648607254028,
                0.18305006623268127,
                0.46034133434295654,
                0.0
            ],
            [
                0.6842957139015198,
                0.17756405472755432,
                0.37449049949645996,
                1.0
            ]
        ],
        "camera_look_at": {
            "at": [
                0.025753564297800347,
                0.03879220506674361,
                0.02550177381503295
            ],
            "eye": [
                0.6842957402679604,
                0.1775640482849685,
                0.374490494458465
            ],
            "up": [
                0,
                0,
                1
            ]
        },
        "camera_view_matrix": [
            [
                -0.20619726181030273,
                -0.45044881105422974,
                0.8686646223068237,
                0.0
            ],
            [
                0.978510320186615,
                -0.09492099285125732,
                0.1830500066280365,
                0.0
            ],
            [
                -2.9802322387695312e-08,
                0.8877418041229248,
                0.4603414535522461,
                0.0
            ],
            [
                -0.032648343592882156,
                -0.007356107234954834,
                -0.7993201017379761,
                1.0
            ]
        ],
        "height": 1600,
        "intrinsics": {
            "cx": 800.0,
            "cy": 800.0,
            "fx": 1931.371337890625,
            "fy": 1931.371337890625
        },
        "location_world": [
            0.6842957139015198,
            0.17756405472755432,
            0.37449049949645996
        ],
        "quaternion_world_xyzw": [
            0.32725465297698975,
            0.4034026861190796,
            0.6636000275611877,
            0.5383360981941223
        ],
        "scene_center_3d_box": [
            0.024974003434181213,
            0.03969629108905792,
            0.1144767552614212
        ],
        "scene_max_3d_box": [
            0.22658920288085938,
            0.2669350802898407,
            0.2882981300354004
        ],
        "scene_min_3d_box": [
            -0.17664119601249695,
            -0.18754251301288605,
            -0.059344615787267685
        ],
        "width": 1600
    },
    "objects": []
}