{
    "camera_data": {
        "cam2world": [
            [
                0.5626004934310913,
                0.8267289400100708,
                2.9802322387695312e-08,
                0.0
            ],
            [
                -0.343995600938797,
                0.23409372568130493,
                0.9093223810195923,
                0.0
            ],
            [
                0.751763105392456,
                -0.5115852355957031,
                0.4160923957824707,
                0.0
            ],
            [
                0.509504497051239,
                -0.46245792508125305,
                0.40809446573257446,
                1.0
            ]
        ],
        "camera_look_at": {
            "at": [
                -0.09448927212840673,
                -0.05143176675206083,
                0.07379067062021098
            ],
            "eye": [
                0.5095044698518157,
                -0.4624579253594533,
                0.40809445283896073
            ],
            "up": [
                0,
                0,
                1
            ]
        },
        "camera_view_matrix": [
            [
                0.5626004934310913,
                -0.343995600938797,
                0.751763105392456,
                0.0
            ],
            [
                0.8267289400100708,
                0.23409372568130493,
                -0.5115852355957031,
                0.0
            ],
            [
                2.9802322387695312e-08,
                0.9093223810195923,
                0.4160923957824707,
                0.0
            ],
            [
                0.0956798642873764,
                -0.08756360411643982,
                -0.7894183397293091,
                1.0
            ]
        ],
        "height": 1600,
        "intrinsics": {
            "cx": 800.0,
            "cy": 800.0,
            "fx": 1931.371337890625,
            "fy": 1931.371337890625
        },
        "location_world": [
            0.509504497051239,
            -0.46245792508125305,
            0.40809446573257446
        ],
        "quaternion_world_xyzw": [
            0.47760191559791565,
            0.2526860237121582,
            0.39350926876068115,
            0.7437719106674194
        ],
        "scene_center_3d_box": [
            0.024974003434181213,
            0.03969629108905792,
            0.1144767552614212
        ],
        "scene_max_3d_box": [
            0.22658920288085938,
            0.2669350802898407,
            0.2882981300354004
        ],
        "scene_min_3d_box": [
            -0.17664119601249695,
            -0.18754251301288605,
            -0.059344615787267685
        ],
        "width": 1600
    },
    "objects": []
}