{
    "camera_data": {
        "cam2world": [
            [
                -0.999763011932373,
                0.021781865507364273,
                4.656612873077393e-10,
                0.0
            ],
            [
                -0.01988217607140541,
                -0.912569522857666,
                0.40843862295150757,
                0.0
            ],
            [
                0.00889655388891697,
                0.4083417057991028,
                0.9127857685089111,
                0.0
            ],
            [
                -0.009339597076177597,
                0.2766058146953583,
                0.7506015300750732,
                1.0
            ]
        ],
        "camera_look_at": {
            "at": [
                -0.015957312066591817,
                -0.027139855462149837,
                0.07162428083166834
            ],
            "eye": [
                -0.009339597126150423,
                0.2766058263256088,
                0.7506015183083034
            ],
            "up": [
                0,
                0,
                1
            ]
        },
        "camera_view_matrix": [
            [
                -0.9997626543045044,
                -0.019882172346115112,
                0.008896551094949245,
                0.0
            ],
            [
                0.021781858056783676,
                -0.9125691652297974,
                0.4083416163921356,
                0.0
            ],
            [
                0.0,
                0.4084385335445404,
                0.9127858281135559,
                0.0
            ],
            [
                -0.015362368896603584,
                -0.05433833599090576,
                -0.7980050444602966,
                1.0
            ]
        ],
        "height": 1600,
        "intrinsics": {
            "cx": 800.0,
            "cy": 800.0,
            "fx": 1931.371337890625,
            "fy": 1931.371337890625
        },
        "location_world": [
            -0.009339597076177597,
            0.2766058146953583,
            0.7506015300750732
        ],
        "quaternion_world_xyzw": [
            0.002274413127452135,
            0.2088107466697693,
            0.9778954982757568,
            0.010651455260813236
        ],
        "scene_center_3d_box": [
            0.024974003434181213,
            0.03969629108905792,
            0.1144767552614212
        ],
        "scene_max_3d_box": [
            0.22658920288085938,
            0.2669350802898407,
            0.2882981300354004
        ],
        "scene_min_3d_box": [
            -0.17664119601249695,
            -0.18754251301288605,
            -0.059344615787267685
        ],
        "width": 1600
    },
    "objects": []
}