{
    "camera_data": {
        "cam2world": [
            [
                0.7923476099967957,
                0.6100698709487915,
                2.9802322387695312e-08,
                0.0
            ],
            [
                -0.10593011975288391,
                0.13757997751235962,
                0.984809935092926,
                0.0
            ],
            [
                0.6008028984069824,
                -0.7803117632865906,
                0.17363595962524414,
                0.0
            ],
            [
                0.5590571761131287,
                -0.5320257544517517,
                0.21075767278671265,
                1.0
            ]
        ],
        "camera_look_at": {
            "at": [
                0.09985240144044069,
                0.0643810484587822,
                0.07804435192800044
            ],
            "eye": [
                0.5590571886248414,
                -0.5320257299841246,
                0.21075766984118272
            ],
            "up": [
                0,
                0,
                1
            ]
        },
        "camera_view_matrix": [
            [
                0.7923476099967957,
                -0.10593011975288391,
                0.6008028984069824,
                0.0
            ],
            [
                0.6100698709487915,
                0.13757997751235962,
                -0.7803117632865906,
                0.0
            ],
            [
                2.9802322387695312e-08,
                0.984809935092926,
                0.17363595962524414,
                0.0
            ],
            [
                -0.11839473992586136,
                -0.07513916492462158,
                -0.7876242399215698,
                1.0
            ]
        ],
        "height": 1600,
        "intrinsics": {
            "cx": 800.0,
            "cy": 800.0,
            "fx": 1931.371337890625,
            "fy": 1931.371337890625
        },
        "location_world": [
            0.5590571761131287,
            -0.5320257544517517,
            0.21075767278671265
        ],
        "quaternion_world_xyzw": [
            0.6085087656974792,
            0.20712099969387054,
            0.24683412909507751,
            0.725183367729187
        ],
        "scene_center_3d_box": [
            0.024974003434181213,
            0.03969629108905792,
            0.1144767552614212
        ],
        "scene_max_3d_box": [
            0.22658920288085938,
            0.2669350802898407,
            0.2882981300354004
        ],
        "scene_min_3d_box": [
            -0.17664119601249695,
            -0.18754251301288605,
            -0.059344615787267685
        ],
        "width": 1600
    },
    "objects": []
}