{
    "camera_data": {
        "cam2world": [
            [
                0.8111425042152405,
                -0.5848485231399536,
                -2.9802322387695312e-08,
                0.0
            ],
            [
                -0.005850464105606079,
                -0.008114099502563477,
                0.9999498724937439,
                0.0
            ],
            [
                -0.5848193168640137,
                -0.8111018538475037,
                -0.010003328323364258,
                0.0
            ],
            [
                -0.5704407691955566,
                -0.5566498041152954,
                0.06900482624769211,
                1.0
            ]
        ],
        "camera_look_at": {
            "at": [
                -0.09915033613323365,
                0.09699578052766786,
                0.0770662576470303
            ],
            "eye": [
                -0.5704407696123243,
                -0.5566498203296455,
                0.06900482434354842
            ],
            "up": [
                0,
                0,
                1
            ]
        },
        "camera_view_matrix": [
            [
                0.8111425042152405,
                -0.005850464105606079,
                -0.5848193168640137,
                0.0
            ],
            [
                -0.5848485231399536,
                -0.008114099502563477,
                -0.8111018538475037,
                0.0
            ],
            [
                -2.9802322387695312e-08,
                0.9999498724937439,
                -0.010003328323364258,
                0.0
            ],
            [
                0.13715294003486633,
                -0.07685542106628418,
                -0.7844142317771912,
                1.0
            ]
        ],
        "height": 1600,
        "intrinsics": {
            "cx": 800.0,
            "cy": 800.0,
            "fx": 1931.371337890625,
            "fy": 1931.371337890625
        },
        "location_world": [
            -0.5704407691955566,
            -0.5566498041152954,
            0.06900482624769211
        ],
        "quaternion_world_xyzw": [
            0.676250696182251,
            -0.21837279200553894,
            -0.21619915962219238,
            0.6695193648338318
        ],
        "scene_center_3d_box": [
            0.024974003434181213,
            0.03969629108905792,
            0.1144767552614212
        ],
        "scene_max_3d_box": [
            0.22658920288085938,
            0.2669350802898407,
            0.2882981300354004
        ],
        "scene_min_3d_box": [
            -0.17664119601249695,
            -0.18754251301288605,
            -0.059344615787267685
        ],
        "width": 1600
    },
    "objects": []
}