{
    "camera_data": {
        "cam2world": [
            [
                0.6187635660171509,
                -0.7855772972106934,
                1.4901161193847656e-08,
                0.0
            ],
            [
                0.697335958480835,
                0.5492599010467529,
                0.4604737162590027,
                0.0
            ],
            [
                -0.3617377281188965,
                -0.28492432832717896,
                0.8876733183860779,
                0.0
            ],
            [
                -0.23946788907051086,
                -0.28983554244041443,
                0.7061709761619568,
                1.0
            ]
        ],
        "camera_look_at": {
            "at": [
                0.03848852771341105,
                -0.0709019245272998,
                0.024089800994719947
            ],
            "eye": [
                -0.23946789012466851,
                -0.2898355510929765,
                0.7061709747381201
            ],
            "up": [
                0,
                0,
                1
            ]
        },
        "camera_view_matrix": [
            [
                0.6187635660171509,
                0.697335958480835,
                -0.3617377281188965,
                0.0
            ],
            [
                -0.7855772972106934,
                0.5492599010467529,
                -0.28492432832717896,
                0.0
            ],
            [
                1.4901161193847656e-08,
                0.4604737162590027,
                0.8876733183860779,
                0.0
            ],
            [
                -0.07951422780752182,
                0.0010114312171936035,
                -0.7960548996925354,
                1.0
            ]
        ],
        "height": 1600,
        "intrinsics": {
            "cx": 800.0,
            "cy": 800.0,
            "fx": 1931.371337890625,
            "fy": 1931.371337890625
        },
        "location_world": [
            -0.23946788907051086,
            -0.28983554244041443,
            0.7061709761619568
        ],
        "quaternion_world_xyzw": [
            0.21320782601833344,
            -0.1034686267375946,
            -0.424160897731781,
            0.8740275502204895
        ],
        "scene_center_3d_box": [
            0.024974003434181213,
            0.03969629108905792,
            0.1144767552614212
        ],
        "scene_max_3d_box": [
            0.22658920288085938,
            0.2669350802898407,
            0.2882981300354004
        ],
        "scene_min_3d_box": [
            -0.17664119601249695,
            -0.18754251301288605,
            -0.059344615787267685
        ],
        "width": 1600
    },
    "objects": []
}