{
    "camera_data": {
        "cam2world": [
            [
                -0.22722148895263672,
                -0.9738431572914124,
                5.960464477539063e-08,
                0.0
            ],
            [
                0.7003992199897766,
                -0.16342031955718994,
                0.6947912573814392,
                0.0
            ],
            [
                -0.6766176819801331,
                0.15787148475646973,
                0.7192114591598511,
                0.0
            ],
            [
                -0.4982645511627197,
                0.14733853936195374,
                0.6083468794822693,
                1.0
            ]
        ],
        "camera_look_at": {
            "at": [
                -0.010150093957935466,
                0.033449494767952614,
                0.08950507698378066
            ],
            "eye": [
                -0.49826454450864816,
                0.14733853676964337,
                0.6083468942516639
            ],
            "up": [
                0,
                0,
                1
            ]
        },
        "camera_view_matrix": [
            [
                -0.22722148895263672,
                0.7003992199897766,
                -0.6766176819801331,
                0.0
            ],
            [
                -0.9738431572914124,
                -0.16342031955718994,
                0.15787148475646973,
                0.0
            ],
            [
                5.960464477539063e-08,
                0.6947912573814392,
                0.7192114591598511,
                0.0
            ],
            [
                0.030268171802163124,
                -0.049611896276474,
                -0.7979252338409424,
                1.0
            ]
        ],
        "height": 1600,
        "intrinsics": {
            "cx": 800.0,
            "cy": 800.0,
            "fx": 1931.371337890625,
            "fy": 1931.371337890625
        },
        "location_world": [
            -0.4982645511627197,
            0.14733853936195374,
            0.6083468794822693
        ],
        "quaternion_world_xyzw": [
            -0.23290950059890747,
            0.2935088276863098,
            0.7262666821479797,
            -0.5763180255889893
        ],
        "scene_center_3d_box": [
            0.024974003434181213,
            0.03969629108905792,
            0.1144767552614212
        ],
        "scene_max_3d_box": [
            0.22658920288085938,
            0.2669350802898407,
            0.2882981300354004
        ],
        "scene_min_3d_box": [
            -0.17664119601249695,
            -0.18754251301288605,
            -0.059344615787267685
        ],
        "width": 1600
    },
    "objects": []
}