{
    "camera_data": {
        "cam2world": [
            [
                -0.9370596408843994,
                -0.34916943311691284,
                1.4901161193847656e-08,
                0.0
            ],
            [
                0.07495167851448059,
                -0.20114648342132568,
                0.9766895174980164,
                0.0
            ],
            [
                -0.3410301208496094,
                0.9152162671089172,
                0.21465706825256348,
                0.0
            ],
            [
                -0.20971572399139404,
                0.7477500438690186,
                0.19207531213760376,
                1.0
            ]
        ],
        "camera_look_at": {
            "at": [
                0.062394312854136935,
                0.017493222869519418,
                0.02079910249670839
            ],
            "eye": [
                -0.20971572790089096,
                0.7477500589270036,
                0.1920753160959987
            ],
            "up": [
                0,
                0,
                1
            ]
        },
        "camera_view_matrix": [
            [
                -0.9370596408843994,
                0.07495167851448059,
                -0.3410301208496094,
                0.0
            ],
            [
                -0.34916943311691284,
                -0.20114648342132568,
                0.9152162671089172,
                0.0
            ],
            [
                1.4901161193847656e-08,
                0.9766895174980164,
                0.21465706825256348,
                0.0
            ],
            [
                0.06457532942295074,
                -0.021472111344337463,
                -0.797102689743042,
                1.0
            ]
        ],
        "height": 1600,
        "intrinsics": {
            "cx": 800.0,
            "cy": 800.0,
            "fx": 1931.371337890625,
            "fy": 1931.371337890625
        },
        "location_world": [
            -0.20971572399139404,
            0.7477500438690186,
            0.19207531213760376
        ],
        "quaternion_world_xyzw": [
            -0.11116405576467514,
            0.6166960597038269,
            0.7669522762298584,
            -0.13824886083602905
        ],
        "scene_center_3d_box": [
            0.024974003434181213,
            0.03969629108905792,
            0.1144767552614212
        ],
        "scene_max_3d_box": [
            0.22658920288085938,
            0.2669350802898407,
            0.2882981300354004
        ],
        "scene_min_3d_box": [
            -0.17664119601249695,
            -0.18754251301288605,
            -0.059344615787267685
        ],
        "width": 1600
    },
    "objects": []
}