{
    "camera_data": {
        "cam2world": [
            [
                -0.9083377122879028,
                0.4182376265525818,
                -1.4901161193847656e-08,
                0.0
            ],
            [
                -0.28364962339401245,
                -0.6160364151000977,
                0.7348755598068237,
                0.0
            ],
            [
                0.30735260248184204,
                0.6675151586532593,
                0.6782020330429077,
                0.0
            ],
            [
                0.32101380825042725,
                0.49472570419311523,
                0.5406022667884827,
                1.0
            ]
        ],
        "camera_look_at": {
            "at": [
                0.08438226323012904,
                -0.019195884292316293,
                0.01845276725431878
            ],
            "eye": [
                0.32101380789919676,
                0.4947257032067365,
                0.5406022950220521
            ],
            "up": [
                0,
                0,
                1
            ]
        },
        "camera_view_matrix": [
            [
                -0.9083377122879028,
                -0.28364962339401245,
                0.30735260248184204,
                0.0
            ],
            [
                0.4182376265525818,
                -0.6160364151000977,
                0.6675151586532593,
                0.0
            ],
            [
                -1.4901161193847656e-08,
                0.7348755598068237,
                0.6782020330429077,
                0.0
            ],
            [
                0.08467606455087662,
                -0.0014508962631225586,
                -0.7955389022827148,
                1.0
            ]
        ],
        "height": 1600,
        "intrinsics": {
            "cx": 800.0,
            "cy": 800.0,
            "fx": 1931.371337890625,
            "fy": 1931.371337890625
        },
        "location_world": [
            0.32101380825042725,
            0.49472570419311523,
            0.5406022667884827
        ],
        "quaternion_world_xyzw": [
            0.08587309718132019,
            0.3918224275112152,
            0.8947871327400208,
            0.1961045265197754
        ],
        "scene_center_3d_box": [
            0.024974003434181213,
            0.03969629108905792,
            0.1144767552614212
        ],
        "scene_max_3d_box": [
            0.22658920288085938,
            0.2669350802898407,
            0.2882981300354004
        ],
        "scene_min_3d_box": [
            -0.17664119601249695,
            -0.18754251301288605,
            -0.059344615787267685
        ],
        "width": 1600
    },
    "objects": []
}