{
    "camera_data": {
        "cam2world": [
            [
                0.9355800151824951,
                0.35311469435691833,
                -2.9802322387695312e-08,
                0.0
            ],
            [
                -0.06762346625328064,
                0.1791689395904541,
                0.9814914464950562,
                0.0
            ],
            [
                0.34657907485961914,
                -0.9182637929916382,
                0.19150573015213013,
                0.0
            ],
            [
                0.37241700291633606,
                -0.6736953258514404,
                0.2178477942943573,
                1.0
            ]
        ],
        "camera_look_at": {
            "at": [
                0.09526066657619098,
                0.06063253701114321,
                0.06470231246367111
            ],
            "eye": [
                0.37241700073123385,
                -0.6736953133976915,
                0.21784779428260156
            ],
            "up": [
                0,
                0,
                1
            ]
        },
        "camera_view_matrix": [
            [
                0.9355800151824951,
                -0.06762346625328064,
                0.34657907485961914,
                0.0
            ],
            [
                0.35311469435691833,
                0.1791689395904541,
                -0.9182637929916382,
                0.0
            ],
            [
                -2.9802322387695312e-08,
                0.9814914464950562,
                0.19150573015213013,
                0.0
            ],
            [
                -0.11053416877985,
                -0.06792634725570679,
                -0.7894210815429688,
                1.0
            ]
        ],
        "height": 1600,
        "intrinsics": {
            "cx": 800.0,
            "cy": 800.0,
            "fx": 1931.371337890625,
            "fy": 1931.371337890625
        },
        "location_world": [
            0.37241700291633606,
            -0.6736953258514404,
            0.2178477942943573
        ],
        "quaternion_world_xyzw": [
            0.6254808902740479,
            0.11410869657993317,
            0.13852503895759583,
            0.7593178749084473
        ],
        "scene_center_3d_box": [
            0.024974003434181213,
            0.03969629108905792,
            0.1144767552614212
        ],
        "scene_max_3d_box": [
            0.22658920288085938,
            0.2669350802898407,
            0.2882981300354004
        ],
        "scene_min_3d_box": [
            -0.17664119601249695,
            -0.18754251301288605,
            -0.059344615787267685
        ],
        "width": 1600
    },
    "objects": []
}