{
    "camera_data": {
        "cam2world": [
            [
                0.9996996521949768,
                -0.024508323520421982,
                -1.862645149230957e-09,
                0.0
            ],
            [
                0.007589359767735004,
                0.3095715641975403,
                0.9508458375930786,
                0.0
            ],
            [
                -0.02330363728106022,
                -0.9505602121353149,
                0.30966460704803467,
                0.0
            ],
            [
                -0.11786714196205139,
                -0.7114704251289368,
                0.3463608920574188,
                1.0
            ]
        ],
        "camera_look_at": {
            "at": [
                -0.09800380679709891,
                0.09875932959985131,
                0.08241180800027756
            ],
            "eye": [
                -0.11786714173405866,
                -0.7114704138881237,
                0.3463608818063678
            ],
            "up": [
                0,
                0,
                1
            ]
        },
        "camera_view_matrix": [
            [
                0.9996996521949768,
                0.007589359767735004,
                -0.02330363728106022,
                0.0
            ],
            [
                -0.024508323520421982,
                0.3095715641975403,
                -0.9505602121353149,
                0.0
            ],
            [
                -1.862645149230957e-09,
                0.9508458375930786,
                0.30966460704803467,
                0.0
            ],
            [
                0.10039480030536652,
                -0.10819026827812195,
                -0.7862979173660278,
                1.0
            ]
        ],
        "height": 1600,
        "intrinsics": {
            "cx": 800.0,
            "cy": 800.0,
            "fx": 1931.371337890625,
            "fy": 1931.371337890625
        },
        "location_world": [
            -0.11786714196205139,
            -0.7114704251289368,
            0.3463608920574188
        ],
        "quaternion_world_xyzw": [
            0.5874656438827515,
            -0.007199979852885008,
            -0.009917021729052067,
            0.8091562986373901
        ],
        "scene_center_3d_box": [
            0.024974003434181213,
            0.03969629108905792,
            0.1144767552614212
        ],
        "scene_max_3d_box": [
            0.22658920288085938,
            0.2669350802898407,
            0.2882981300354004
        ],
        "scene_min_3d_box": [
            -0.17664119601249695,
            -0.18754251301288605,
            -0.059344615787267685
        ],
        "width": 1600
    },
    "objects": []
}