{
    "camera_data": {
        "cam2world": [
            [
                -0.9693313837051392,
                0.24575752019882202,
                7.450580596923828e-09,
                0.0
            ],
            [
                -0.17303654551506042,
                -0.682500958442688,
                0.7101061344146729,
                0.0
            ],
            [
                0.17451393604278564,
                0.6883281469345093,
                0.704094648361206,
                0.0
            ],
            [
                0.026110630482435226,
                0.5631497502326965,
                0.5676213502883911,
                1.0
            ]
        ],
        "camera_look_at": {
            "at": [
                -0.09986149106246563,
                0.06628309457049464,
                0.0593737872521459
            ],
            "eye": [
                0.026110630042914276,
                0.5631497552984389,
                0.567621360805535
            ],
            "up": [
                0,
                0,
                1
            ]
        },
        "camera_view_matrix": [
            [
                -0.9693313837051392,
                -0.17303654551506042,
                0.17451393604278564,
                0.0
            ],
            [
                0.24575752019882202,
                -0.682500958442688,
                0.6883281469345093,
                0.0
            ],
            [
                7.450580596923828e-09,
                0.7101061344146729,
                0.704094648361206,
                0.0
            ],
            [
                -0.1130884438753128,
                -0.014203071594238281,
                -0.7918476462364197,
                1.0
            ]
        ],
        "height": 1600,
        "intrinsics": {
            "cx": 800.0,
            "cy": 800.0,
            "fx": 1931.371337890625,
            "fy": 1931.371337890625
        },
        "location_world": [
            0.026110630482435226,
            0.5631497502326965,
            0.5676213502883911
        ],
        "quaternion_world_xyzw": [
            0.047631461173295975,
            0.38168564438819885,
            0.9159594774246216,
            0.11430475115776062
        ],
        "scene_center_3d_box": [
            0.024974003434181213,
            0.03969629108905792,
            0.1144767552614212
        ],
        "scene_max_3d_box": [
            0.22658920288085938,
            0.2669350802898407,
            0.2882981300354004
        ],
        "scene_min_3d_box": [
            -0.17664119601249695,
            -0.18754251301288605,
            -0.059344615787267685
        ],
        "width": 1600
    },
    "objects": []
}