{
    "camera_data": {
        "cam2world": [
            [
                0.318365216255188,
                -0.9479681253433228,
                -5.960464477539063e-08,
                0.0
            ],
            [
                0.6582165956497192,
                0.22105509042739868,
                0.7196427583694458,
                0.0
            ],
            [
                -0.6821983456611633,
                -0.22910930216312408,
                0.6943445801734924,
                0.0
            ],
            [
                -0.5287839770317078,
                -0.21599021553993225,
                0.5601226687431335,
                1.0
            ]
        ],
        "camera_look_at": {
            "at": [
                -0.038226245233486236,
                -0.05124141139175438,
                0.06083073513503795
            ],
            "eye": [
                -0.5287839882155467,
                -0.21599022206162674,
                0.5601226813867007
            ],
            "up": [
                0,
                0,
                1
            ]
        },
        "camera_view_matrix": [
            [
                0.318365216255188,
                0.6582165956497192,
                -0.6821983456611633,
                0.0
            ],
            [
                -0.9479681253433228,
                0.22105509042739868,
                -0.22910930216312408,
                0.0
            ],
            [
                -5.960464477539063e-08,
                0.7196427583694458,
                0.6943445801734924,
                0.0
            ],
            [
                -0.03640538081526756,
                -0.007288098335266113,
                -0.7991390228271484,
                1.0
            ]
        ],
        "height": 1600,
        "intrinsics": {
            "cx": 800.0,
            "cy": 800.0,
            "fx": 1931.371337890625,
            "fy": 1931.371337890625
        },
        "location_world": [
            -0.5287839770317078,
            -0.21599021553993225,
            0.5601226687431335
        ],
        "quaternion_world_xyzw": [
            0.3173978328704834,
            -0.22822429239749908,
            -0.5373370051383972,
            0.7472892999649048
        ],
        "scene_center_3d_box": [
            0.024974003434181213,
            0.03969629108905792,
            0.1144767552614212
        ],
        "scene_max_3d_box": [
            0.22658920288085938,
            0.2669350802898407,
            0.2882981300354004
        ],
        "scene_min_3d_box": [
            -0.17664119601249695,
            -0.18754251301288605,
            -0.059344615787267685
        ],
        "width": 1600
    },
    "objects": []
}