{
    "camera_data": {
        "cam2world": [
            [
                0.9761255979537964,
                -0.21720699965953827,
                0.0,
                0.0
            ],
            [
                0.07506255805492401,
                0.33733004331588745,
                0.9383891820907593,
                0.0
            ],
            [
                -0.20382465422153473,
                -0.9159857034683228,
                0.3455805778503418,
                0.0
            ],
            [
                -0.24223573505878448,
                -0.6848315000534058,
                0.33524033427238464,
                1.0
            ]
        ],
        "camera_look_at": {
            "at": [
                -0.07813206852643084,
                0.05264846006468327,
                0.057005715272041735
            ],
            "eye": [
                -0.2422357400403179,
                -0.6848314719117758,
                0.33524032318857944
            ],
            "up": [
                0,
                0,
                1
            ]
        },
        "camera_view_matrix": [
            [
                0.9761255979537964,
                0.07506251335144043,
                -0.20382456481456757,
                0.0
            ],
            [
                -0.2172068953514099,
                0.33733034133911133,
                -0.9159853458404541,
                0.0
            ],
            [
                0.0,
                0.9383888244628906,
                0.3455808758735657,
                0.0
            ],
            [
                0.08770237863063812,
                -0.0653885006904602,
                -0.7925218343734741,
                1.0
            ]
        ],
        "height": 1600,
        "intrinsics": {
            "cx": 800.0,
            "cy": 800.0,
            "fx": 1931.371337890625,
            "fy": 1931.371337890625
        },
        "location_world": [
            -0.24223573505878448,
            -0.6848315000534058,
            0.33524033427238464
        ],
        "quaternion_world_xyzw": [
            0.5685980319976807,
            -0.06249777227640152,
            -0.08961720019578934,
            0.8153277039527893
        ],
        "scene_center_3d_box": [
            0.024974003434181213,
            0.03969629108905792,
            0.1144767552614212
        ],
        "scene_max_3d_box": [
            0.22658920288085938,
            0.2669350802898407,
            0.2882981300354004
        ],
        "scene_min_3d_box": [
            -0.17664119601249695,
            -0.18754251301288605,
            -0.059344615787267685
        ],
        "width": 1600
    },
    "objects": []
}