{
    "camera_data": {
        "cam2world": [
            [
                -0.789665699005127,
                0.6135373115539551,
                -1.4901161193847656e-08,
                0.0
            ],
            [
                -0.4721672534942627,
                -0.6077125072479248,
                0.6385480165481567,
                0.0
            ],
            [
                0.391772985458374,
                0.5042394399642944,
                0.7695819735527039,
                0.0
            ],
            [
                0.2349742352962494,
                0.4483097791671753,
                0.6195394992828369,
                1.0
            ]
        ],
        "camera_look_at": {
            "at": [
                -0.07832583089114031,
                0.04507039646076483,
                0.0041063193889346985
            ],
            "eye": [
                0.23497422963674738,
                0.44830978159738155,
                0.619539502029828
            ],
            "up": [
                0,
                0,
                1
            ]
        },
        "camera_view_matrix": [
            [
                -0.789665699005127,
                -0.4721672534942627,
                0.391772985458374,
                0.0
            ],
            [
                0.6135373115539551,
                -0.6077125072479248,
                0.5042394399642944,
                0.0
            ],
            [
                -1.4901161193847656e-08,
                0.6385480165481567,
                0.7695819735527039,
                0.0
            ],
            [
                -0.0895036831498146,
                -0.012215107679367065,
                -0.7948984503746033,
                1.0
            ]
        ],
        "height": 1600,
        "intrinsics": {
            "cx": 800.0,
            "cy": 800.0,
            "fx": 1931.371337890625,
            "fy": 1931.371337890625
        },
        "location_world": [
            0.2349742352962494,
            0.4483097791671753,
            0.6195394992828369
        ],
        "quaternion_world_xyzw": [
            0.11007360368967056,
            0.32108068466186523,
            0.8897977471351624,
            0.3050425052642822
        ],
        "scene_center_3d_box": [
            0.024974003434181213,
            0.03969629108905792,
            0.1144767552614212
        ],
        "scene_max_3d_box": [
            0.22658920288085938,
            0.2669350802898407,
            0.2882981300354004
        ],
        "scene_min_3d_box": [
            -0.17664119601249695,
            -0.18754251301288605,
            -0.059344615787267685
        ],
        "width": 1600
    },
    "objects": []
}