{
    "camera_data": {
        "cam2world": [
            [
                -0.5695719718933105,
                0.8219413757324219,
                1.1920928955078125e-07,
                0.0
            ],
            [
                -0.24914678931236267,
                -0.17264878749847412,
                0.9529523849487305,
                0.0
            ],
            [
                0.783271074295044,
                0.54277503490448,
                0.3031200170516968,
                0.0
            ],
            [
                0.6431699991226196,
                0.3443145751953125,
                0.32831043004989624,
                1.0
            ]
        ],
        "camera_look_at": {
            "at": [
                0.05036790270615177,
                -0.06647310693968744,
                0.09890058919112488
            ],
            "eye": [
                0.6431700028870688,
                0.3443145716096444,
                0.32831041574940373
            ],
            "up": [
                0,
                0,
                1
            ]
        },
        "camera_view_matrix": [
            [
                -0.5695719718933105,
                -0.24914678931236267,
                0.783271074295044,
                0.0
            ],
            [
                0.8219413757324219,
                -0.17264878749847412,
                0.54277503490448,
                0.0
            ],
            [
                1.1920928955078125e-07,
                0.9529523849487305,
                0.3031200170516968,
                0.0
            ],
            [
                0.08332516998052597,
                -0.0931749939918518,
                -0.7901792526245117,
                1.0
            ]
        ],
        "height": 1600,
        "intrinsics": {
            "cx": 800.0,
            "cy": 800.0,
            "fx": 1931.371337890625,
            "fy": 1931.371337890625
        },
        "location_world": [
            0.6431699991226196,
            0.3443145751953125,
            0.32831043004989624
        ],
        "quaternion_world_xyzw": [
            0.27384153008461,
            0.5229252576828003,
            0.7150770425796509,
            0.37446603178977966
        ],
        "scene_center_3d_box": [
            0.024974003434181213,
            0.03969629108905792,
            0.1144767552614212
        ],
        "scene_max_3d_box": [
            0.22658920288085938,
            0.2669350802898407,
            0.2882981300354004
        ],
        "scene_min_3d_box": [
            -0.17664119601249695,
            -0.18754251301288605,
            -0.059344615787267685
        ],
        "width": 1600
    },
    "objects": []
}