{
    "camera_data": {
        "cam2world": [
            [
                0.9804879426956177,
                0.19657914340496063,
                -3.725290298461914e-09,
                0.0
            ],
            [
                -0.16304822266101837,
                0.8132440447807312,
                0.5586138367652893,
                0.0
            ],
            [
                0.10981182754039764,
                -0.5477141737937927,
                0.8294278979301453,
                0.0
            ],
            [
                0.029944613575935364,
                -0.4152997136116028,
                0.68314129114151,
                1.0
            ]
        ],
        "camera_look_at": {
            "at": [
                -0.05218035245350153,
                -0.005680828275387226,
                0.06283711911310975
            ],
            "eye": [
                0.029944612952528617,
                -0.41529969998932226,
                0.68314130087763
            ],
            "up": [
                0,
                0,
                1
            ]
        },
        "camera_view_matrix": [
            [
                0.9804879426956177,
                -0.16304822266101837,
                0.10981182754039764,
                0.0
            ],
            [
                0.19657914340496063,
                0.8132440447807312,
                -0.5477141737937927,
                0.0
            ],
            [
                -3.725290298461914e-09,
                0.5586138367652893,
                0.8294278979301453,
                0.0
            ],
            [
                0.05227893218398094,
                -0.038989752531051636,
                -0.797370195388794,
                1.0
            ]
        ],
        "height": 1600,
        "intrinsics": {
            "cx": 800.0,
            "cy": 800.0,
            "fx": 1931.371337890625,
            "fy": 1931.371337890625
        },
        "location_world": [
            0.029944613575935364,
            -0.4152997136116028,
            0.68314129114151
        ],
        "quaternion_world_xyzw": [
            0.2906097173690796,
            0.028845321387052536,
            0.09446675330400467,
            0.9517300128936768
        ],
        "scene_center_3d_box": [
            0.024974003434181213,
            0.03969629108905792,
            0.1144767552614212
        ],
        "scene_max_3d_box": [
            0.22658920288085938,
            0.2669350802898407,
            0.2882981300354004
        ],
        "scene_min_3d_box": [
            -0.17664119601249695,
            -0.18754251301288605,
            -0.059344615787267685
        ],
        "width": 1600
    },
    "objects": []
}