{
    "camera_data": {
        "cam2world": [
            [
                0.7941828370094299,
                0.6076788902282715,
                -2.9802322387695312e-08,
                0.0
            ],
            [
                0.02450498938560486,
                -0.032025814056396484,
                0.9991866946220398,
                0.0
            ],
            [
                0.607184648513794,
                -0.7935369610786438,
                -0.04032552242279053,
                0.0
            ],
            [
                0.44879966974258423,
                -0.6620134115219116,
                0.01810973696410656,
                1.0
            ]
        ],
        "camera_look_at": {
            "at": [
                -0.0668589677903049,
                0.011907099680958669,
                0.05235669617913994
            ],
            "eye": [
                0.44879967239863244,
                -0.6620134091956885,
                0.018109736133752285
            ],
            "up": [
                0,
                0,
                1
            ]
        },
        "camera_view_matrix": [
            [
                0.7941828966140747,
                0.02450495958328247,
                0.6071845293045044,
                0.0
            ],
            [
                0.6076787710189819,
                -0.032025694847106934,
                -0.7935367822647095,
                0.0
            ],
            [
                -2.9802322387695312e-08,
                0.9991865158081055,
                -0.04032540321350098,
                0.0
            ],
            [
                0.04586249589920044,
                -0.050294261425733566,
                -0.7971059083938599,
                1.0
            ]
        ],
        "height": 1600,
        "intrinsics": {
            "cx": 800.0,
            "cy": 800.0,
            "fx": 1931.371337890625,
            "fy": 1931.371337890625
        },
        "location_world": [
            0.44879966974258423,
            -0.6620134115219116,
            0.01810973696410656
        ],
        "quaternion_world_xyzw": [
            0.6831058263778687,
            0.23136381804943085,
            0.2222146838903427,
            0.6560929417610168
        ],
        "scene_center_3d_box": [
            0.024974003434181213,
            0.03969629108905792,
            0.1144767552614212
        ],
        "scene_max_3d_box": [
            0.22658920288085938,
            0.2669350802898407,
            0.2882981300354004
        ],
        "scene_min_3d_box": [
            -0.17664119601249695,
            -0.18754251301288605,
            -0.059344615787267685
        ],
        "width": 1600
    },
    "objects": []
}