{
    "camera_data": {
        "cam2world": [
            [
                0.8070141673088074,
                0.5905320644378662,
                -2.9802322387695312e-08,
                0.0
            ],
            [
                -0.1568063348531723,
                0.21428972482681274,
                0.9641014933586121,
                0.0
            ],
            [
                0.5693328380584717,
                -0.7780435681343079,
                0.26553404331207275,
                0.0
            ],
            [
                0.3850315511226654,
                -0.6557270288467407,
                0.2486480325460434,
                1.0
            ]
        ],
        "camera_look_at": {
            "at": [
                -0.06277469986409796,
                -0.04376033537427202,
                0.039793430608463666
            ],
            "eye": [
                0.38503156098560076,
                -0.6557270234966817,
                0.24864803966270915
            ],
            "up": [
                0,
                0,
                1
            ]
        },
        "camera_view_matrix": [
            [
                0.8070141673088074,
                -0.1568063348531723,
                0.5693328380584717,
                0.0
            ],
            [
                0.5905320644378662,
                0.21428972482681274,
                -0.7780435681343079,
                0.0
            ],
            [
                -2.9802322387695312e-08,
                0.9641014933586121,
                0.26553404331207275,
                0.0
            ],
            [
                0.07650191336870193,
                -0.03883098065853119,
                -0.7954198122024536,
                1.0
            ]
        ],
        "height": 1600,
        "intrinsics": {
            "cx": 800.0,
            "cy": 800.0,
            "fx": 1931.371337890625,
            "fy": 1931.371337890625
        },
        "location_world": [
            0.3850315511226654,
            -0.6557270288467407,
            0.2486480325460434
        ],
        "quaternion_world_xyzw": [
            0.576018750667572,
            0.18824289739131927,
            0.24709822237491608,
            0.7561147212982178
        ],
        "scene_center_3d_box": [
            0.024974003434181213,
            0.03969629108905792,
            0.1144767552614212
        ],
        "scene_max_3d_box": [
            0.22658920288085938,
            0.2669350802898407,
            0.2882981300354004
        ],
        "scene_min_3d_box": [
            -0.17664119601249695,
            -0.18754251301288605,
            -0.059344615787267685
        ],
        "width": 1600
    },
    "objects": []
}