{
    "camera_data": {
        "cam2world": [
            [
                0.8834255933761597,
                -0.46857142448425293,
                -1.4901161193847656e-08,
                0.0
            ],
            [
                0.2959824204444885,
                0.5580332279205322,
                0.7752376198768616,
                0.0
            ],
            [
                -0.363254189491272,
                -0.6848648190498352,
                0.6316697597503662,
                0.0
            ],
            [
                -0.32905152440071106,
                -0.5335580110549927,
                0.49705973267555237,
                1.0
            ]
        ],
        "camera_look_at": {
            "at": [
                -0.09355647742833727,
                -0.08956513529166757,
                0.08755276976068427
            ],
            "eye": [
                -0.329051520615103,
                -0.5335580064231241,
                0.49705973871132647
            ],
            "up": [
                0,
                0,
                1
            ]
        },
        "camera_view_matrix": [
            [
                0.8834255933761597,
                0.2959824204444885,
                -0.363254189491272,
                0.0
            ],
            [
                -0.46857142448425293,
                0.5580332279205322,
                -0.6848648190498352,
                0.0
            ],
            [
                -1.4901161193847656e-08,
                0.7752376198768616,
                0.6316697597503662,
                0.0
            ],
            [
                0.04068250209093094,
                0.00979718565940857,
                -0.798922061920166,
                1.0
            ]
        ],
        "height": 1600,
        "intrinsics": {
            "cx": 800.0,
            "cy": 800.0,
            "fx": 1931.371337890625,
            "fy": 1931.371337890625
        },
        "location_world": [
            -0.32905152440071106,
            -0.5335580110549927,
            0.49705973267555237
        ],
        "quaternion_world_xyzw": [
            0.4164500832557678,
            -0.10360727459192276,
            -0.21806587278842926,
            0.8765170574188232
        ],
        "scene_center_3d_box": [
            0.024974003434181213,
            0.03969629108905792,
            0.1144767552614212
        ],
        "scene_max_3d_box": [
            0.22658920288085938,
            0.2669350802898407,
            0.2882981300354004
        ],
        "scene_min_3d_box": [
            -0.17664119601249695,
            -0.18754251301288605,
            -0.059344615787267685
        ],
        "width": 1600
    },
    "objects": []
}