{
    "camera_data": {
        "cam2world": [
            [
                0.1668863296508789,
                0.9859761595726013,
                1.4901161193847656e-08,
                0.0
            ],
            [
                -0.8942070603370667,
                0.15135347843170166,
                0.42129063606262207,
                0.0
            ],
            [
                0.4153825044631958,
                -0.070307657122612,
                0.9069256782531738,
                0.0
            ],
            [
                0.26348957419395447,
                -0.11928095668554306,
                0.7459092736244202,
                1.0
            ]
        ],
        "camera_look_at": {
            "at": [
                -0.04247886864517916,
                -0.06749272090838526,
                0.07787287534107883
            ],
            "eye": [
                0.26348957480253843,
                -0.11928095923186605,
                0.7459092873346226
            ],
            "up": [
                0,
                0,
                1
            ]
        },
        "camera_view_matrix": [
            [
                0.1668863296508789,
                -0.8942070603370667,
                0.4153825044631958,
                0.0
            ],
            [
                0.9859761595726013,
                0.15135347843170166,
                -0.070307657122612,
                0.0
            ],
            [
                1.4901161193847656e-08,
                0.42129063606262207,
                0.9069256782531738,
                0.0
            ],
            [
                0.07363536208868027,
                -0.06057676672935486,
                -0.7943196296691895,
                1.0
            ]
        ],
        "height": 1600,
        "intrinsics": {
            "cx": 800.0,
            "cy": 800.0,
            "fx": 1931.371337890625,
            "fy": 1931.371337890625
        },
        "location_world": [
            0.26348957419395447,
            -0.11928095668554306,
            0.7459092736244202
        ],
        "quaternion_world_xyzw": [
            0.1647779941558838,
            0.1392313539981842,
            0.6302154064178467,
            0.7458494305610657
        ],
        "scene_center_3d_box": [
            0.024974003434181213,
            0.03969629108905792,
            0.1144767552614212
        ],
        "scene_max_3d_box": [
            0.22658920288085938,
            0.2669350802898407,
            0.2882981300354004
        ],
        "scene_min_3d_box": [
            -0.17664119601249695,
            -0.18754251301288605,
            -0.059344615787267685
        ],
        "width": 1600
    },
    "objects": []
}