{
    "camera_data": {
        "cam2world": [
            [
                -0.2967233657836914,
                -0.9549635648727417,
                -8.940696716308594e-08,
                0.0
            ],
            [
                0.1705547273159027,
                -0.052994370460510254,
                0.9839222431182861,
                0.0
            ],
            [
                -0.9396097660064697,
                0.29195263981819153,
                0.1785980463027954,
                0.0
            ],
            [
                -0.7170832753181458,
                0.302609384059906,
                0.1849539875984192,
                1.0
            ]
        ],
        "camera_look_at": {
            "at": [
                -0.010199669887087509,
                0.08296864594462847,
                0.05059171135280908
            ],
            "eye": [
                -0.7170832897341901,
                0.3026093979540912,
                0.18495398736405688
            ],
            "up": [
                0,
                0,
                1
            ]
        },
        "camera_view_matrix": [
            [
                -0.2967233657836914,
                0.1705547273159027,
                -0.9396097660064697,
                0.0
            ],
            [
                -0.9549635648727417,
                -0.052994370460510254,
                0.29195263981819153,
                0.0
            ],
            [
                -8.940696716308594e-08,
                0.9839222431182861,
                0.1785980463027954,
                0.0
            ],
            [
                0.07620558142662048,
                -0.04364180564880371,
                -0.7951585054397583,
                1.0
            ]
        ],
        "height": 1600,
        "intrinsics": {
            "cx": 800.0,
            "cy": 800.0,
            "fx": 1931.371337890625,
            "fy": 1931.371337890625
        },
        "location_world": [
            -0.7170832753181458,
            0.302609384059906,
            0.1849539875984192
        ],
        "quaternion_world_xyzw": [
            -0.3800239861011505,
            0.5160259008407593,
            0.6181253790855408,
            -0.45521441102027893
        ],
        "scene_center_3d_box": [
            0.024974003434181213,
            0.03969629108905792,
            0.1144767552614212
        ],
        "scene_max_3d_box": [
            0.22658920288085938,
            0.2669350802898407,
            0.2882981300354004
        ],
        "scene_min_3d_box": [
            -0.17664119601249695,
            -0.18754251301288605,
            -0.059344615787267685
        ],
        "width": 1600
    },
    "objects": []
}