{
    "camera_data": {
        "cam2world": [
            [
                0.9491971135139465,
                -0.3146821856498718,
                -7.450580596923828e-09,
                0.0
            ],
            [
                0.23693585395812988,
                0.7146856188774109,
                0.6580925583839417,
                0.0
            ],
            [
                -0.20708999037742615,
                -0.6246595978736877,
                0.7529370188713074,
                0.0
            ],
            [
                -0.13282902538776398,
                -0.45138412714004517,
                0.6470456719398499,
                1.0
            ]
        ],
        "camera_look_at": {
            "at": [
                0.027940494357775097,
                0.033555878163666036,
                0.06252037027174795
            ],
            "eye": [
                -0.132829029661678,
                -0.4513841124836502,
                0.6470456647436054
            ],
            "up": [
                0,
                0,
                1
            ]
        },
        "camera_view_matrix": [
            [
                0.9491971135139465,
                0.23693585395812988,
                -0.20708999037742615,
                0.0
            ],
            [
                -0.3146821856498718,
                0.7146856188774109,
                -0.6246595978736877,
                0.0
            ],
            [
                -7.450580596923828e-09,
                0.6580925583839417,
                0.7529370188713074,
                0.0
            ],
            [
                -0.01596161164343357,
                -0.07174623012542725,
                -0.7966536283493042,
                1.0
            ]
        ],
        "height": 1600,
        "intrinsics": {
            "cx": 800.0,
            "cy": 800.0,
            "fx": 1931.371337890625,
            "fy": 1931.371337890625
        },
        "location_world": [
            -0.13282902538776398,
            -0.45138412714004517,
            0.6470456719398499
        ],
        "quaternion_world_xyzw": [
            0.3469778299331665,
            -0.056016772985458374,
            -0.14920982718467712,
            0.9242320656776428
        ],
        "scene_center_3d_box": [
            0.024974003434181213,
            0.03969629108905792,
            0.1144767552614212
        ],
        "scene_max_3d_box": [
            0.22658920288085938,
            0.2669350802898407,
            0.2882981300354004
        ],
        "scene_min_3d_box": [
            -0.17664119601249695,
            -0.18754251301288605,
            -0.059344615787267685
        ],
        "width": 1600
    },
    "objects": []
}