{
    "camera_data": {
        "cam2world": [
            [
                0.9983153939247131,
                -0.0580206960439682,
                -1.862645149230957e-09,
                0.0
            ],
            [
                0.05063419044017792,
                0.8712217211723328,
                0.4882713556289673,
                0.0
            ],
            [
                -0.028329836204648018,
                -0.4874488115310669,
                0.8726918697357178,
                0.0
            ],
            [
                -0.11916006356477737,
                -0.39155492186546326,
                0.6874218583106995,
                1.0
            ]
        ],
        "camera_look_at": {
            "at": [
                -0.09736491986286772,
                -0.01654325190130404,
                0.016028802542094413
            ],
            "eye": [
                -0.11916006629519399,
                -0.39155492373687495,
                0.6874218460913117
            ],
            "up": [
                0,
                0,
                1
            ]
        },
        "camera_view_matrix": [
            [
                0.9983153939247131,
                0.05063417926430702,
                -0.02832982875406742,
                0.0
            ],
            [
                -0.05802067741751671,
                0.8712217807769775,
                -0.48744869232177734,
                0.0
            ],
            [
                -1.862645149230957e-09,
                0.48827123641967773,
                0.8726919293403625,
                0.0
            ],
            [
                0.0962410420179367,
                0.011516422033309937,
                -0.7941462397575378,
                1.0
            ]
        ],
        "height": 1600,
        "intrinsics": {
            "cx": 800.0,
            "cy": 800.0,
            "fx": 1931.371337890625,
            "fy": 1931.371337890625
        },
        "location_world": [
            -0.11916006356477737,
            -0.39155492186546326,
            0.6874218583106995
        ],
        "quaternion_world_xyzw": [
            0.2521912753582001,
            -0.007322321645915508,
            -0.0280836820602417,
            0.9672421813011169
        ],
        "scene_center_3d_box": [
            0.024974003434181213,
            0.03969629108905792,
            0.1144767552614212
        ],
        "scene_max_3d_box": [
            0.22658920288085938,
            0.2669350802898407,
            0.2882981300354004
        ],
        "scene_min_3d_box": [
            -0.17664119601249695,
            -0.18754251301288605,
            -0.059344615787267685
        ],
        "width": 1600
    },
    "objects": []
}