{
    "camera_data": {
        "cam2world": [
            [
                0.8669679760932922,
                0.4983638525009155,
                2.9802322387695312e-08,
                0.0
            ],
            [
                0.004846632480621338,
                -0.008431315422058105,
                0.9999527335166931,
                0.0
            ],
            [
                0.49834027886390686,
                -0.8669269680976868,
                -0.009725093841552734,
                0.0
            ],
            [
                0.44859400391578674,
                -0.6607346534729004,
                0.0472663938999176,
                1.0
            ]
        ],
        "camera_look_at": {
            "at": [
                0.06773222622975472,
                0.0018233102681078223,
                0.05469888345132911
            ],
            "eye": [
                0.44859400208620903,
                -0.660734678754595,
                0.0472663928374689
            ],
            "up": [
                0,
                0,
                1
            ]
        },
        "camera_view_matrix": [
            [
                0.8669679760932922,
                0.004846632480621338,
                0.49834027886390686,
                0.0
            ],
            [
                0.4983638525009155,
                -0.008431315422058105,
                -0.8669269680976868,
                0.0
            ],
            [
                2.9802322387695312e-08,
                0.9999527335166931,
                -0.009725093841552734,
                0.0
            ],
            [
                -0.059630364179611206,
                -0.05500918999314308,
                -0.7959014773368835,
                1.0
            ]
        ],
        "height": 1600,
        "intrinsics": {
            "cx": 800.0,
            "cy": 800.0,
            "fx": 1931.371337890625,
            "fy": 1931.371337890625
        },
        "location_world": [
            0.44859400391578674,
            -0.6607346534729004,
            0.0472663938999176
        ],
        "quaternion_world_xyzw": [
            0.6864991784095764,
            0.18325239419937134,
            0.1814788430929184,
            0.6798550486564636
        ],
        "scene_center_3d_box": [
            0.024974003434181213,
            0.03969629108905792,
            0.1144767552614212
        ],
        "scene_max_3d_box": [
            0.22658920288085938,
            0.2669350802898407,
            0.2882981300354004
        ],
        "scene_min_3d_box": [
            -0.17664119601249695,
            -0.18754251301288605,
            -0.059344615787267685
        ],
        "width": 1600
    },
    "objects": []
}