{
    "camera_data": {
        "cam2world": [
            [
                -0.5436110496520996,
                0.8393372893333435,
                2.9802322387695312e-08,
                0.0
            ],
            [
                -0.44800156354904175,
                -0.29015588760375977,
                0.8456383943557739,
                0.0
            ],
            [
                0.7097758054733276,
                0.45969831943511963,
                0.5337562561035156,
                0.0
            ],
            [
                0.5529577136039734,
                0.31292203068733215,
                0.486146479845047,
                1.0
            ]
        ],
        "camera_look_at": {
            "at": [
                0.03893717140822045,
                -0.019992077444617687,
                0.09959949981782737
            ],
            "eye": [
                0.5529577319180696,
                0.3129220330277367,
                0.4861464864511697
            ],
            "up": [
                0,
                0,
                1
            ]
        },
        "camera_view_matrix": [
            [
                -0.5436110496520996,
                -0.44800156354904175,
                0.7097758054733276,
                0.0
            ],
            [
                0.8393372893333435,
                -0.29015588760375977,
                0.45969831943511963,
                0.0
            ],
            [
                2.9802322387695312e-08,
                0.8456383943557739,
                0.5337562561035156,
                0.0
            ],
            [
                0.03794677555561066,
                -0.07258206605911255,
                -0.7958093881607056,
                1.0
            ]
        ],
        "height": 1600,
        "intrinsics": {
            "cx": 800.0,
            "cy": 800.0,
            "fx": 1931.371337890625,
            "fy": 1931.371337890625
        },
        "location_world": [
            0.5529577136039734,
            0.31292203068733215,
            0.486146479845047
        ],
        "quaternion_world_xyzw": [
            0.23064503073692322,
            0.42417535185813904,
            0.7693378925323486,
            0.41832688450813293
        ],
        "scene_center_3d_box": [
            0.024974003434181213,
            0.03969629108905792,
            0.1144767552614212
        ],
        "scene_max_3d_box": [
            0.22658920288085938,
            0.2669350802898407,
            0.2882981300354004
        ],
        "scene_min_3d_box": [
            -0.17664119601249695,
            -0.18754251301288605,
            -0.059344615787267685
        ],
        "width": 1600
    },
    "objects": []
}