{
    "camera_data": {
        "cam2world": [
            [
                -0.9959936141967773,
                0.08943149447441101,
                -3.725290298461914e-09,
                0.0
            ],
            [
                -0.0526280514895916,
                -0.5861157178878784,
                0.8085168600082397,
                0.0
            ],
            [
                0.07230685651302338,
                0.8052771091461182,
                0.5884732007980347,
                0.0
            ],
            [
                -0.03367503359913826,
                0.6232656240463257,
                0.5004459619522095,
                1.0
            ]
        ],
        "camera_look_at": {
            "at": [
                -0.09039085750123653,
                -0.00837517866997857,
                0.03886090281605578
            ],
            "eye": [
                -0.033675034834464414,
                0.6232656457532543,
                0.5004459345211774
            ],
            "up": [
                0,
                0,
                1
            ]
        },
        "camera_view_matrix": [
            [
                -0.9959921836853027,
                -0.052628010511398315,
                0.0723068043589592,
                0.0
            ],
            [
                0.08943143486976624,
                -0.5861146450042725,
                0.8052765727043152,
                0.0
            ],
            [
                0.0,
                0.8085163235664368,
                0.5884734392166138,
                0.0
            ],
            [
                -0.08927960693836212,
                -0.041085898876190186,
                -0.7939654588699341,
                1.0
            ]
        ],
        "height": 1600,
        "intrinsics": {
            "cx": 800.0,
            "cy": 800.0,
            "fx": 1931.371337890625,
            "fy": 1931.371337890625
        },
        "location_world": [
            -0.03367503359913826,
            0.6232656240463257,
            0.5004459619522095
        ],
        "quaternion_world_xyzw": [
            0.020303921774029732,
            0.45315685868263245,
            0.8903064727783203,
            0.039890632033348083
        ],
        "scene_center_3d_box": [
            0.024974003434181213,
            0.03969629108905792,
            0.1144767552614212
        ],
        "scene_max_3d_box": [
            0.22658920288085938,
            0.2669350802898407,
            0.2882981300354004
        ],
        "scene_min_3d_box": [
            -0.17664119601249695,
            -0.18754251301288605,
            -0.059344615787267685
        ],
        "width": 1600
    },
    "objects": []
}