{
    "camera_data": {
        "cam2world": [
            [
                0.3081284761428833,
                -0.9513447880744934,
                0.0,
                0.0
            ],
            [
                0.7999035716056824,
                0.2590785622596741,
                0.5413249731063843,
                0.0
            ],
            [
                -0.5149866342544556,
                -0.1667976677417755,
                0.8408135175704956,
                0.0
            ],
            [
                -0.42023852467536926,
                -0.11641513556241989,
                0.6707311868667603,
                1.0
            ]
        ],
        "camera_look_at": {
            "at": [
                -0.03209106753221401,
                0.009300930704980642,
                0.03700667163017814
            ],
            "eye": [
                -0.4202385200245553,
                -0.11641513428473865,
                0.6707312028239221
            ],
            "up": [
                0,
                0,
                1
            ]
        },
        "camera_view_matrix": [
            [
                0.3081284761428833,
                0.7999035716056824,
                -0.5149866342544556,
                0.0
            ],
            [
                -0.9513447880744934,
                0.2590785622596741,
                -0.1667976677417755,
                0.0
            ],
            [
                0.0,
                0.5413249731063843,
                0.8408135175704956,
                0.0
            ],
            [
                0.018736518919467926,
                0.003227412700653076,
                -0.7997948527336121,
                1.0
            ]
        ],
        "height": 1600,
        "intrinsics": {
            "cx": 800.0,
            "cy": 800.0,
            "fx": 1931.371337890625,
            "fy": 1931.371337890625
        },
        "location_world": [
            -0.42023852467536926,
            -0.11641513556241989,
            0.6707311868667603
        ],
        "quaternion_world_xyzw": [
            0.2281646430492401,
            -0.16593417525291443,
            -0.5642708539962769,
            0.7758899331092834
        ],
        "scene_center_3d_box": [
            0.024974003434181213,
            0.03969629108905792,
            0.1144767552614212
        ],
        "scene_max_3d_box": [
            0.22658920288085938,
            0.2669350802898407,
            0.2882981300354004
        ],
        "scene_min_3d_box": [
            -0.17664119601249695,
            -0.18754251301288605,
            -0.059344615787267685
        ],
        "width": 1600
    },
    "objects": []
}