{
    "camera_data": {
        "cam2world": [
            [
                0.2671595811843872,
                -0.9636523723602295,
                2.9802322387695312e-08,
                0.0
            ],
            [
                0.6773369312286377,
                0.18778252601623535,
                0.7113033533096313,
                0.0
            ],
            [
                -0.6854491233825684,
                -0.1900315284729004,
                0.7028851509094238,
                0.0
            ],
            [
                -0.48681169748306274,
                -0.1689268797636032,
                0.6119892597198486,
                1.0
            ]
        ],
        "camera_look_at": {
            "at": [
                0.08372701605455457,
                -0.010752743079254029,
                0.026937462514501034
            ],
            "eye": [
                -0.48681168689099547,
                -0.16892687639824475,
                0.6119892712384724
            ],
            "up": [
                0,
                0,
                1
            ]
        },
        "camera_view_matrix": [
            [
                0.2671595811843872,
                0.6773369312286377,
                -0.6854491233825684,
                0.0
            ],
            [
                -0.9636523723602295,
                0.18778252601623535,
                -0.1900315284729004,
                0.0
            ],
            [
                2.9802322387695312e-08,
                0.7113033533096313,
                0.7028851509094238,
                0.0
            ],
            [
                -0.03273038938641548,
                -0.07385295629501343,
                -0.7959442138671875,
                1.0
            ]
        ],
        "height": 1600,
        "intrinsics": {
            "cx": 800.0,
            "cy": 800.0,
            "fx": 1931.371337890625,
            "fy": 1931.371337890625
        },
        "location_world": [
            -0.48681169748306274,
            -0.1689268797636032,
            0.6119892597198486
        ],
        "quaternion_world_xyzw": [
            0.306794673204422,
            -0.23331189155578613,
            -0.558556854724884,
            0.7344772815704346
        ],
        "scene_center_3d_box": [
            0.024974003434181213,
            0.03969629108905792,
            0.1144767552614212
        ],
        "scene_max_3d_box": [
            0.22658920288085938,
            0.2669350802898407,
            0.2882981300354004
        ],
        "scene_min_3d_box": [
            -0.17664119601249695,
            -0.18754251301288605,
            -0.059344615787267685
        ],
        "width": 1600
    },
    "objects": []
}