{
    "camera_data": {
        "cam2world": [
            [
                0.5402035713195801,
                -0.8415343761444092,
                -2.9802322387695312e-08,
                0.0
            ],
            [
                0.10735815763473511,
                0.06891608238220215,
                0.9918290376663208,
                0.0
            ],
            [
                -0.8346582651138306,
                -0.5357896089553833,
                0.12757426500320435,
                0.0
            ],
            [
                -0.7024766206741333,
                -0.34877967834472656,
                0.1578836292028427,
                1.0
            ]
        ],
        "camera_look_at": {
            "at": [
                -0.09491319022094519,
                0.04123169793075532,
                0.06501988884610634
            ],
            "eye": [
                -0.7024765990149686,
                -0.3487796755918147,
                0.1578836287295607
            ],
            "up": [
                0,
                0,
                1
            ]
        },
        "camera_view_matrix": [
            [
                0.5402035713195801,
                0.10735815763473511,
                -0.8346582651138306,
                0.0
            ],
            [
                -0.8415343761444092,
                0.06891608238220215,
                -0.5357896089553833,
                0.0
            ],
            [
                -2.9802322387695312e-08,
                0.9918290376663208,
                0.12757426500320435,
                0.0
            ],
            [
                0.08597031980752945,
                -0.05714043974876404,
                -0.7933423519134521,
                1.0
            ]
        ],
        "height": 1600,
        "intrinsics": {
            "cx": 800.0,
            "cy": 800.0,
            "fx": 1931.371337890625,
            "fy": 1931.371337890625
        },
        "location_world": [
            -0.7024766206741333,
            -0.34877967834472656,
            0.1578836292028427
        ],
        "quaternion_world_xyzw": [
            0.5795932412147522,
            -0.31667736172676086,
            -0.3600189685821533,
            0.6589184403419495
        ],
        "scene_center_3d_box": [
            0.024974003434181213,
            0.03969629108905792,
            0.1144767552614212
        ],
        "scene_max_3d_box": [
            0.22658920288085938,
            0.2669350802898407,
            0.2882981300354004
        ],
        "scene_min_3d_box": [
            -0.17664119601249695,
            -0.18754251301288605,
            -0.059344615787267685
        ],
        "width": 1600
    },
    "objects": []
}