{
    "camera_data": {
        "cam2world": [
            [
                -0.6928938627243042,
                0.7210396528244019,
                -2.9802322387695312e-08,
                0.0
            ],
            [
                -0.2891867160797119,
                -0.27789831161499023,
                0.9160478115081787,
                0.0
            ],
            [
                0.6605067253112793,
                0.6347239017486572,
                0.4010690450668335,
                0.0
            ],
            [
                0.5189133882522583,
                0.5100184082984924,
                0.33261072635650635,
                1.0
            ]
        ],
        "camera_look_at": {
            "at": [
                0.013726464379807402,
                0.02455142670935473,
                0.025853952101297074
            ],
            "eye": [
                0.518913383438354,
                0.5100184025875351,
                0.33261073853976564
            ],
            "up": [
                0,
                0,
                1
            ]
        },
        "camera_view_matrix": [
            [
                -0.6928938627243042,
                -0.2891867160797119,
                0.6605067253112793,
                0.0
            ],
            [
                0.7210396528244019,
                -0.27789831161499023,
                0.6347239017486572,
                0.0
            ],
            [
                -2.9802322387695312e-08,
                0.9160478115081787,
                0.4010690450668335,
                0.0
            ],
            [
                -0.008191575296223164,
                -0.012891203165054321,
                -0.7998664975166321,
                1.0
            ]
        ],
        "height": 1600,
        "intrinsics": {
            "cx": 800.0,
            "cy": 800.0,
            "fx": 1931.371337890625,
            "fy": 1931.371337890625
        },
        "location_world": [
            0.5189133882522583,
            0.5100184082984924,
            0.33261072635650635
        ],
        "quaternion_world_xyzw": [
            0.21443842351436615,
            0.5034695863723755,
            0.7700424194335938,
            0.3279775083065033
        ],
        "scene_center_3d_box": [
            0.024974003434181213,
            0.03969629108905792,
            0.1144767552614212
        ],
        "scene_max_3d_box": [
            0.22658920288085938,
            0.2669350802898407,
            0.2882981300354004
        ],
        "scene_min_3d_box": [
            -0.17664119601249695,
            -0.18754251301288605,
            -0.059344615787267685
        ],
        "width": 1600
    },
    "objects": []
}