{
    "camera_data": {
        "cam2world": [
            [
                0.3011285066604614,
                0.9535835981369019,
                -5.960464477539063e-08,
                0.0
            ],
            [
                -0.23571446537971497,
                0.07443541288375854,
                0.9689674973487854,
                0.0
            ],
            [
                0.9239915013313293,
                -0.29178375005722046,
                0.24718809127807617,
                0.0
            ],
            [
                0.7124925255775452,
                -0.2648661136627197,
                0.2494674175977707,
                1.0
            ]
        ],
        "camera_look_at": {
            "at": [
                -0.010356455682878601,
                -0.03660037861045144,
                0.056089406690690936
            ],
            "eye": [
                0.7124925236605746,
                -0.26486610122478355,
                0.24946741110170179
            ],
            "up": [
                0,
                0,
                1
            ]
        },
        "camera_view_matrix": [
            [
                0.3011285066604614,
                -0.23571446537971497,
                0.9239915013313293,
                0.0
            ],
            [
                0.9535835981369019,
                0.07443541288375854,
                -0.29178375005722046,
                0.0
            ],
            [
                -5.960464477539063e-08,
                0.9689674973487854,
                0.24718809127807617,
                0.0
            ],
            [
                0.03802017867565155,
                -0.05406561493873596,
                -0.7972860336303711,
                1.0
            ]
        ],
        "height": 1600,
        "intrinsics": {
            "cx": 800.0,
            "cy": 800.0,
            "fx": 1931.371337890625,
            "fy": 1931.371337890625
        },
        "location_world": [
            0.7124925255775452,
            -0.2648661136627197,
            0.2494674175977707
        ],
        "quaternion_world_xyzw": [
            0.4948497414588928,
            0.36267024278640747,
            0.46680405735969543,
            0.6369364261627197
        ],
        "scene_center_3d_box": [
            0.024974003434181213,
            0.03969629108905792,
            0.1144767552614212
        ],
        "scene_max_3d_box": [
            0.22658920288085938,
            0.2669350802898407,
            0.2882981300354004
        ],
        "scene_min_3d_box": [
            -0.17664119601249695,
            -0.18754251301288605,
            -0.059344615787267685
        ],
        "width": 1600
    },
    "objects": []
}