{
    "camera_data": {
        "cam2world": [
            [
                0.8252372741699219,
                0.5647861957550049,
                0.0,
                0.0
            ],
            [
                -0.5284085273742676,
                0.77208411693573,
                0.3530871272087097,
                0.0
            ],
            [
                0.19941872358322144,
                -0.2913806438446045,
                0.9355904459953308,
                0.0
            ],
            [
                0.050653763115406036,
                -0.26199105381965637,
                0.7541806101799011,
                1.0
            ]
        ],
        "camera_look_at": {
            "at": [
                -0.0891166161432589,
                -0.057765524704364,
                0.09843556029312468
            ],
            "eye": [
                0.05065376303382916,
                -0.2619910485563324,
                0.754180594872448
            ],
            "up": [
                0,
                0,
                1
            ]
        },
        "camera_view_matrix": [
            [
                0.8252372741699219,
                -0.5284085273742676,
                0.19941872358322144,
                0.0
            ],
            [
                0.5647861957550049,
                0.77208411693573,
                -0.2913806438446045,
                0.0
            ],
            [
                0.0,
                0.3530871272087097,
                0.9355904459953308,
                0.0
            ],
            [
                0.10616755485534668,
                -0.037246450781822205,
                -0.7920446395874023,
                1.0
            ]
        ],
        "height": 1600,
        "intrinsics": {
            "cx": 800.0,
            "cy": 800.0,
            "fx": 1931.371337890625,
            "fy": 1931.371337890625
        },
        "location_world": [
            0.050653763115406036,
            -0.26199105381965637,
            0.7541806101799011
        ],
        "quaternion_world_xyzw": [
            0.1714370995759964,
            0.053048063069581985,
            0.29080450534820557,
            0.9398021101951599
        ],
        "scene_center_3d_box": [
            0.024974003434181213,
            0.03969629108905792,
            0.1144767552614212
        ],
        "scene_max_3d_box": [
            0.22658920288085938,
            0.2669350802898407,
            0.2882981300354004
        ],
        "scene_min_3d_box": [
            -0.17664119601249695,
            -0.18754251301288605,
            -0.059344615787267685
        ],
        "width": 1600
    },
    "objects": []
}