{
    "camera_data": {
        "cam2world": [
            [
                0.10427236557006836,
                0.9945487380027771,
                -2.9802322387695312e-08,
                0.0
            ],
            [
                -0.21483594179153442,
                0.02252429723739624,
                0.9763903617858887,
                0.0
            ],
            [
                0.9710677862167358,
                -0.10181048512458801,
                0.21601355075836182,
                0.0
            ],
            [
                0.7635067701339722,
                -0.0363708958029747,
                0.23613515496253967,
                1.0
            ]
        ],
        "camera_look_at": {
            "at": [
                -0.0691355682528466,
                0.05092654681581335,
                0.050914408028950656
            ],
            "eye": [
                0.7635067986659382,
                -0.03637089564944329,
                0.23613515873290175
            ],
            "up": [
                0,
                0,
                1
            ]
        },
        "camera_view_matrix": [
            [
                0.10427236557006836,
                -0.21483594179153442,
                0.9710677862167358,
                0.0
            ],
            [
                0.9945487380027771,
                0.02252429723739624,
                -0.10181048512458801,
                0.0
            ],
            [
                -2.9802322387695312e-08,
                0.9763903617858887,
                0.21601355075836182,
                0.0
            ],
            [
                -0.04344002157449722,
                -0.06571216881275177,
                -0.7961281538009644,
                1.0
            ]
        ],
        "height": 1600,
        "intrinsics": {
            "cx": 800.0,
            "cy": 800.0,
            "fx": 1931.371337890625,
            "fy": 1931.371337890625
        },
        "location_world": [
            0.7635067701339722,
            -0.0363708958029747,
            0.23613515496253967
        ],
        "quaternion_world_xyzw": [
            0.4652242958545685,
            0.4189983308315277,
            0.521827757358551,
            0.5793983936309814
        ],
        "scene_center_3d_box": [
            0.024974003434181213,
            0.03969629108905792,
            0.1144767552614212
        ],
        "scene_max_3d_box": [
            0.22658920288085938,
            0.2669350802898407,
            0.2882981300354004
        ],
        "scene_min_3d_box": [
            -0.17664119601249695,
            -0.18754251301288605,
            -0.059344615787267685
        ],
        "width": 1600
    },
    "objects": []
}