{
    "camera_data": {
        "cam2world": [
            [
                -0.9698479175567627,
                0.24371130764484406,
                1.4901161193847656e-08,
                0.0
            ],
            [
                -0.13025815784931183,
                -0.5183616876602173,
                0.8451828360557556,
                0.0
            ],
            [
                0.20598062872886658,
                0.8196987509727478,
                0.5344773530960083,
                0.0
            ],
            [
                0.23173154890537262,
                0.5943503975868225,
                0.482780784368515,
                1.0
            ]
        ],
        "camera_look_at": {
            "at": [
                0.06808125961190528,
                -0.05689497867449267,
                0.05814202744099866
            ],
            "eye": [
                0.23173154861851908,
                0.5943503826374034,
                0.48278077382904333
            ],
            "up": [
                0,
                0,
                1
            ]
        },
        "camera_view_matrix": [
            [
                -0.9698479175567627,
                -0.13025815784931183,
                0.20598062872886658,
                0.0
            ],
            [
                0.24371130764484406,
                -0.5183616876602173,
                0.8196987509727478,
                0.0
            ],
            [
                1.4901161193847656e-08,
                0.8451828360557556,
                0.5344773530960083,
                0.0
            ],
            [
                0.07989444583654404,
                -0.06976461410522461,
                -0.7929558753967285,
                1.0
            ]
        ],
        "height": 1600,
        "intrinsics": {
            "cx": 800.0,
            "cy": 800.0,
            "fx": 1931.371337890625,
            "fy": 1931.371337890625
        },
        "location_world": [
            0.23173154890537262,
            0.5943503975868225,
            0.482780784368515
        ],
        "quaternion_world_xyzw": [
            0.059237923473119736,
            0.478802889585495,
            0.8692938089370728,
            0.10754979401826859
        ],
        "scene_center_3d_box": [
            0.024974003434181213,
            0.03969629108905792,
            0.1144767552614212
        ],
        "scene_max_3d_box": [
            0.22658920288085938,
            0.2669350802898407,
            0.2882981300354004
        ],
        "scene_min_3d_box": [
            -0.17664119601249695,
            -0.18754251301288605,
            -0.059344615787267685
        ],
        "width": 1600
    },
    "objects": []
}