{
    "camera_data": {
        "cam2world": [
            [
                -0.6401299238204956,
                0.7682667374610901,
                2.9802322387695312e-08,
                0.0
            ],
            [
                -0.2854258418083191,
                -0.23782062530517578,
                0.9284252524375916,
                0.0
            ],
            [
                0.7132782936096191,
                0.5943127274513245,
                0.37151920795440674,
                0.0
            ],
            [
                0.5624279379844666,
                0.48942288756370544,
                0.29011213779449463,
                1.0
            ]
        ],
        "camera_look_at": {
            "at": [
                0.02631292733701901,
                0.0427249516350367,
                0.010870448385243604
            ],
            "eye": [
                0.5624279507592072,
                0.4894228877350759,
                0.2901121519491783
            ],
            "up": [
                0,
                0,
                1
            ]
        },
        "camera_view_matrix": [
            [
                -0.6401299238204956,
                -0.2854258418083191,
                0.7132782936096191,
                0.0
            ],
            [
                0.7682667374610901,
                -0.23782062530517578,
                0.5943127274513245,
                0.0
            ],
            [
                2.9802322387695312e-08,
                0.9284252524375916,
                0.37151920795440674,
                0.0
            ],
            [
                -0.015980372205376625,
                0.0075788795948028564,
                -0.7998201251029968,
                1.0
            ]
        ],
        "height": 1600,
        "intrinsics": {
            "cx": 800.0,
            "cy": 800.0,
            "fx": 1931.371337890625,
            "fy": 1931.371337890625
        },
        "location_world": [
            0.5624279379844666,
            0.48942288756370544,
            0.29011213779449463
        ],
        "quaternion_world_xyzw": [
            0.23778745532035828,
            0.5076391696929932,
            0.7499116063117981,
            0.35127225518226624
        ],
        "scene_center_3d_box": [
            0.024974003434181213,
            0.03969629108905792,
            0.1144767552614212
        ],
        "scene_max_3d_box": [
            0.22658920288085938,
            0.2669350802898407,
            0.2882981300354004
        ],
        "scene_min_3d_box": [
            -0.17664119601249695,
            -0.18754251301288605,
            -0.059344615787267685
        ],
        "width": 1600
    },
    "objects": []
}