{
    "camera_data": {
        "cam2world": [
            [
                0.8176620006561279,
                -0.5756986141204834,
                0.0,
                0.0
            ],
            [
                0.25683122873306274,
                0.3647761344909668,
                0.8949726223945618,
                0.0
            ],
            [
                -0.5152345299720764,
                -0.7317851185798645,
                0.4461209774017334,
                0.0
            ],
            [
                -0.40236467123031616,
                -0.5830457210540771,
                0.37177184224128723,
                1.0
            ]
        ],
        "camera_look_at": {
            "at": [
                -0.03831936915305245,
                -0.065993970452531,
                0.056559483736905475
            ],
            "eye": [
                -0.4023646691441416,
                -0.583045742079095,
                0.37177184879668435
            ],
            "up": [
                0,
                0,
                1
            ]
        },
        "camera_view_matrix": [
            [
                0.8176620006561279,
                0.25683122873306274,
                -0.5152345299720764,
                0.0
            ],
            [
                -0.5756986141204834,
                0.3647761344909668,
                -0.7317851185798645,
                0.0
            ],
            [
                0.0,
                0.8949726223945618,
                0.4461209774017334,
                0.0
            ],
            [
                -0.0066603124141693115,
                -0.016704648733139038,
                -0.7998315691947937,
                1.0
            ]
        ],
        "height": 1600,
        "intrinsics": {
            "cx": 800.0,
            "cy": 800.0,
            "fx": 1931.371337890625,
            "fy": 1931.371337890625
        },
        "location_world": [
            -0.40236467123031616,
            -0.5830457210540771,
            0.37177184224128723
        ],
        "quaternion_world_xyzw": [
            0.5016883611679077,
            -0.15889714658260345,
            -0.25675028562545776,
            0.8106415867805481
        ],
        "scene_center_3d_box": [
            0.024974003434181213,
            0.03969629108905792,
            0.1144767552614212
        ],
        "scene_max_3d_box": [
            0.22658920288085938,
            0.2669350802898407,
            0.2882981300354004
        ],
        "scene_min_3d_box": [
            -0.17664119601249695,
            -0.18754251301288605,
            -0.059344615787267685
        ],
        "width": 1600
    },
    "objects": []
}