{
    "camera_data": {
        "cam2world": [
            [
                -0.24866604804992676,
                -0.9685895442962646,
                2.9802322387695312e-08,
                0.0
            ],
            [
                0.37409746646881104,
                -0.09604215621948242,
                0.9224030375480652,
                0.0
            ],
            [
                -0.8934297561645508,
                0.22937005758285522,
                0.3862289786338806,
                0.0
            ],
            [
                -0.692510724067688,
                0.22850331664085388,
                0.3290024399757385,
                1.0
            ]
        ],
        "camera_look_at": {
            "at": [
                0.006291855785029041,
                0.04909989946266921,
                0.026910532751534978
            ],
            "eye": [
                -0.6925107087583936,
                0.22850331796463907,
                0.32900243632378523
            ],
            "up": [
                0,
                0,
                1
            ]
        },
        "camera_view_matrix": [
            [
                -0.24866533279418945,
                0.3740972876548767,
                -0.8934292793273926,
                0.0
            ],
            [
                -0.9685890078544617,
                -0.09604156017303467,
                0.22936993837356567,
                0.0
            ],
            [
                2.9802322387695312e-08,
                0.922402560710907,
                0.38622933626174927,
                0.0
            ],
            [
                0.04912238195538521,
                -0.022460520267486572,
                -0.7981915473937988,
                1.0
            ]
        ],
        "height": 1600,
        "intrinsics": {
            "cx": 800.0,
            "cy": 800.0,
            "fx": 1931.371337890625,
            "fy": 1931.371337890625
        },
        "location_world": [
            -0.692510724067688,
            0.22850331664085388,
            0.3290024399757385
        ],
        "quaternion_world_xyzw": [
            -0.3395390808582306,
            0.4377199113368988,
            0.6578254103660583,
            -0.5102748274803162
        ],
        "scene_center_3d_box": [
            0.024974003434181213,
            0.03969629108905792,
            0.1144767552614212
        ],
        "scene_max_3d_box": [
            0.22658920288085938,
            0.2669350802898407,
            0.2882981300354004
        ],
        "scene_min_3d_box": [
            -0.17664119601249695,
            -0.18754251301288605,
            -0.059344615787267685
        ],
        "width": 1600
    },
    "objects": []
}