{
    "camera_data": {
        "cam2world": [
            [
                0.5700175166130066,
                -0.8216325640678406,
                0.0,
                0.0
            ],
            [
                0.6346481442451477,
                0.4402947425842285,
                0.6351081132888794,
                0.0
            ],
            [
                -0.5218254923820496,
                -0.3620227873325348,
                0.772423267364502,
                0.0
            ],
            [
                -0.3775724768638611,
                -0.309930682182312,
                0.6335816979408264,
                1.0
            ]
        ],
        "camera_look_at": {
            "at": [
                0.05032978911119815,
                -0.013068289610984135,
                0.0001866051101171884
            ],
            "eye": [
                -0.37757246728956473,
                -0.30993068813599334,
                0.6335817210434322
            ],
            "up": [
                0,
                0,
                1
            ]
        },
        "camera_view_matrix": [
            [
                0.5700176358222961,
                0.6346479058265686,
                -0.52182537317276,
                0.0
            ],
            [
                -0.8216323256492615,
                0.44029492139816284,
                -0.3620226979255676,
                0.0
            ],
            [
                0.0,
                0.6351079940795898,
                0.772423267364502,
                0.0
            ],
            [
                -0.03942610323429108,
                -0.026306331157684326,
                -0.7986220717430115,
                1.0
            ]
        ],
        "height": 1600,
        "intrinsics": {
            "cx": 800.0,
            "cy": 800.0,
            "fx": 1931.371337890625,
            "fy": 1931.371337890625
        },
        "location_world": [
            -0.3775724768638611,
            -0.309930682182312,
            0.6335816979408264
        ],
        "quaternion_world_xyzw": [
            0.2988726794719696,
            -0.1564081311225891,
            -0.4364948272705078,
            0.8340767025947571
        ],
        "scene_center_3d_box": [
            0.024974003434181213,
            0.03969629108905792,
            0.1144767552614212
        ],
        "scene_max_3d_box": [
            0.22658920288085938,
            0.2669350802898407,
            0.2882981300354004
        ],
        "scene_min_3d_box": [
            -0.17664119601249695,
            -0.18754251301288605,
            -0.059344615787267685
        ],
        "width": 1600
    },
    "objects": []
}