{
    "camera_data": {
        "cam2world": [
            [
                -0.5038093328475952,
                -0.8638151288032532,
                0.0,
                0.0
            ],
            [
                0.37296420335769653,
                -0.21752679347991943,
                0.9019867777824402,
                0.0
            ],
            [
                -0.7791496515274048,
                0.4544292092323303,
                0.4317638874053955,
                0.0
            ],
            [
                -0.6108618378639221,
                0.3720773458480835,
                0.35840320587158203,
                1.0
            ]
        ],
        "camera_look_at": {
            "at": [
                -0.06413192955973496,
                0.05320406449947085,
                0.05543407500303093
            ],
            "eye": [
                -0.6108618348427115,
                0.3720773462214318,
                0.3584031982717867
            ],
            "up": [
                0,
                0,
                1
            ]
        },
        "camera_view_matrix": [
            [
                -0.5038089752197266,
                0.372964084148407,
                -0.7791494727134705,
                0.0
            ],
            [
                -0.8638148903846741,
                -0.21752655506134033,
                0.45442909002304077,
                0.0
            ],
            [
                0.0,
                0.9019865393638611,
                0.43176400661468506,
                0.0
            ],
            [
                0.013648271560668945,
                -0.014508634805679321,
                -0.799781084060669,
                1.0
            ]
        ],
        "height": 1600,
        "intrinsics": {
            "cx": 800.0,
            "cy": 800.0,
            "fx": 1931.371337890625,
            "fy": 1931.371337890625
        },
        "location_world": [
            -0.6108618378639221,
            0.3720773458480835,
            0.35840320587158203
        ],
        "quaternion_world_xyzw": [
            -0.26549649238586426,
            0.46220090985298157,
            0.7336722612380981,
            -0.42143452167510986
        ],
        "scene_center_3d_box": [
            0.024974003434181213,
            0.03969629108905792,
            0.1144767552614212
        ],
        "scene_max_3d_box": [
            0.22658920288085938,
            0.2669350802898407,
            0.2882981300354004
        ],
        "scene_min_3d_box": [
            -0.17664119601249695,
            -0.18754251301288605,
            -0.059344615787267685
        ],
        "width": 1600
    },
    "objects": []
}