{
    "camera_data": {
        "cam2world": [
            [
                -0.9145830869674683,
                0.4043979048728943,
                -2.9802322387695312e-08,
                0.0
            ],
            [
                -0.18302518129348755,
                -0.4139282703399658,
                0.8917203545570374,
                0.0
            ],
            [
                0.36060982942581177,
                0.8155524134635925,
                0.452586829662323,
                0.0
            ],
            [
                0.1588764637708664,
                0.6646472811698914,
                0.41594406962394714,
                1.0
            ]
        ],
        "camera_look_at": {
            "at": [
                -0.09616660088619569,
                0.0878438051633379,
                0.09584971148187961
            ],
            "eye": [
                0.1588764706911281,
                0.664647285160548,
                0.41594407491771607
            ],
            "up": [
                0,
                0,
                1
            ]
        },
        "camera_view_matrix": [
            [
                -0.9145830869674683,
                -0.18302518129348755,
                0.36060982942581177,
                0.0
            ],
            [
                0.4043979048728943,
                -0.4139282703399658,
                0.8155524134635925,
                0.0
            ],
            [
                -2.9802322387695312e-08,
                0.8917203545570374,
                0.452586829662323,
                0.0
            ],
            [
                -0.12347622215747833,
                -0.06671109795570374,
                -0.7875978946685791,
                1.0
            ]
        ],
        "height": 1600,
        "intrinsics": {
            "cx": 800.0,
            "cy": 800.0,
            "fx": 1931.371337890625,
            "fy": 1931.371337890625
        },
        "location_world": [
            0.1588764637708664,
            0.6646472811698914,
            0.41594406962394714
        ],
        "quaternion_world_xyzw": [
            0.10811834037303925,
            0.5118759870529175,
            0.833831250667572,
            0.17612169682979584
        ],
        "scene_center_3d_box": [
            0.024974003434181213,
            0.03969629108905792,
            0.1144767552614212
        ],
        "scene_max_3d_box": [
            0.22658920288085938,
            0.2669350802898407,
            0.2882981300354004
        ],
        "scene_min_3d_box": [
            -0.17664119601249695,
            -0.18754251301288605,
            -0.059344615787267685
        ],
        "width": 1600
    },
    "objects": []
}