{
    "camera_data": {
        "cam2world": [
            [
                -0.583683967590332,
                0.8119813203811646,
                0.0,
                0.0
            ],
            [
                -0.48572781682014465,
                -0.3491603136062622,
                0.801346480846405,
                0.0
            ],
            [
                0.6506782174110413,
                0.46773284673690796,
                0.5982006788253784,
                0.0
            ],
            [
                0.49199792742729187,
                0.38157036900520325,
                0.5023720860481262,
                1.0
            ]
        ],
        "camera_look_at": {
            "at": [
                -0.046341305308084585,
                -0.005408916629342814,
                0.007450020246213185
            ],
            "eye": [
                0.49199792403171794,
                0.38157036566691255,
                0.5023720987186274
            ],
            "up": [
                0,
                0,
                1
            ]
        },
        "camera_view_matrix": [
            [
                -0.5836832523345947,
                -0.48572757840156555,
                0.6506779193878174,
                0.0
            ],
            [
                0.8119809627532959,
                -0.34915971755981445,
                0.46773263812065125,
                0.0
            ],
            [
                0.0,
                0.8013460636138916,
                0.598200798034668,
                0.0
            ],
            [
                -0.022656917572021484,
                -0.030367910861968994,
                -0.7991244792938232,
                1.0
            ]
        ],
        "height": 1600,
        "intrinsics": {
            "cx": 800.0,
            "cy": 800.0,
            "fx": 1931.371337890625,
            "fy": 1931.371337890625
        },
        "location_world": [
            0.49199792742729187,
            0.38157036900520325,
            0.5023720860481262
        ],
        "quaternion_world_xyzw": [
            0.20449671149253845,
            0.3988493084907532,
            0.7954629063606262,
            0.407847136259079
        ],
        "scene_center_3d_box": [
            0.024974003434181213,
            0.03969629108905792,
            0.1144767552614212
        ],
        "scene_max_3d_box": [
            0.22658920288085938,
            0.2669350802898407,
            0.2882981300354004
        ],
        "scene_min_3d_box": [
            -0.17664119601249695,
            -0.18754251301288605,
            -0.059344615787267685
        ],
        "width": 1600
    },
    "objects": []
}