{
    "camera_data": {
        "cam2world": [
            [
                -0.1713014841079712,
                -0.9852186441421509,
                -2.9802322387695312e-08,
                0.0
            ],
            [
                0.42115795612335205,
                -0.0732274055480957,
                0.9040263891220093,
                0.0
            ],
            [
                -0.8906636238098145,
                0.15486109256744385,
                0.4274766445159912,
                0.0
            ],
            [
                -0.6784389019012451,
                0.06939862668514252,
                0.4182482063770294,
                1.0
            ]
        ],
        "camera_look_at": {
            "at": [
                0.03344575564274538,
                -0.054377901131227716,
                0.07657707212205041
            ],
            "eye": [
                -0.67843890153218,
                0.06939862621086715,
                0.41824821098487575
            ],
            "up": [
                0,
                0,
                1
            ]
        },
        "camera_view_matrix": [
            [
                -0.1713014841079712,
                0.42115795612335205,
                -0.8906636238098145,
                0.0
            ],
            [
                -0.9852186441421509,
                -0.0732274055480957,
                0.15486109256744385,
                0.0
            ],
            [
                -2.9802322387695312e-08,
                0.9040263891220093,
                0.4274766445159912,
                0.0
            ],
            [
                -0.04784475639462471,
                -0.08729559183120728,
                -0.7937993407249451,
                1.0
            ]
        ],
        "height": 1600,
        "intrinsics": {
            "cx": 800.0,
            "cy": 800.0,
            "fx": 1931.371337890625,
            "fy": 1931.371337890625
        },
        "location_world": [
            -0.6784389019012451,
            0.06939862668514252,
            0.4182482063770294
        ],
        "quaternion_world_xyzw": [
            -0.34440138936042786,
            0.40945008397102356,
            0.646530270576477,
            -0.5438169836997986
        ],
        "scene_center_3d_box": [
            0.024974003434181213,
            0.03969629108905792,
            0.1144767552614212
        ],
        "scene_max_3d_box": [
            0.22658920288085938,
            0.2669350802898407,
            0.2882981300354004
        ],
        "scene_min_3d_box": [
            -0.17664119601249695,
            -0.18754251301288605,
            -0.059344615787267685
        ],
        "width": 1600
    },
    "objects": []
}