{
    "camera_data": {
        "cam2world": [
            [
                0.07011294364929199,
                0.9975391030311584,
                0.0,
                0.0
            ],
            [
                -0.8627185225486755,
                0.06063699722290039,
                0.5020357966423035,
                0.0
            ],
            [
                0.5008003115653992,
                -0.03519921004772186,
                0.8648468255996704,
                0.0
            ],
            [
                0.3844107389450073,
                -0.12278538942337036,
                0.6907750964164734,
                1.0
            ]
        ],
        "camera_look_at": {
            "at": [
                -0.010721514824575201,
                -0.09501312520096923,
                0.008409562165583829
            ],
            "eye": [
                0.3844107334357091,
                -0.12278539142559915,
                0.6907751204254349
            ],
            "up": [
                0,
                0,
                1
            ]
        },
        "camera_view_matrix": [
            [
                0.07011294364929199,
                -0.8627185225486755,
                0.5008003115653992,
                0.0
            ],
            [
                0.9975391030311584,
                0.06063699722290039,
                -0.03519921004772186,
                0.0
            ],
            [
                0.0,
                0.5020357966423035,
                0.8648468255996704,
                0.0
            ],
            [
                0.09553105384111404,
                -0.00771021842956543,
                -0.7942496538162231,
                1.0
            ]
        ],
        "height": 1600,
        "intrinsics": {
            "cx": 800.0,
            "cy": 800.0,
            "fx": 1931.371337890625,
            "fy": 1931.371337890625
        },
        "location_world": [
            0.3844107389450073,
            -0.12278538942337036,
            0.6907750964164734
        ],
        "quaternion_world_xyzw": [
            0.1901506930589676,
            0.17725488543510437,
            0.6584255695343018,
            0.7063279747962952
        ],
        "scene_center_3d_box": [
            0.024974003434181213,
            0.03969629108905792,
            0.1144767552614212
        ],
        "scene_max_3d_box": [
            0.22658920288085938,
            0.2669350802898407,
            0.2882981300354004
        ],
        "scene_min_3d_box": [
            -0.17664119601249695,
            -0.18754251301288605,
            -0.059344615787267685
        ],
        "width": 1600
    },
    "objects": []
}