{
    "camera_data": {
        "cam2world": [
            [
                -0.909609317779541,
                -0.415464848279953,
                -1.4901161193847656e-08,
                0.0
            ],
            [
                0.24957403540611267,
                -0.5464117527008057,
                0.7994667887687683,
                0.0
            ],
            [
                -0.33215034008026123,
                0.7272023558616638,
                0.600710391998291,
                0.0
            ],
            [
                -0.20489202439785004,
                0.5225659608840942,
                0.5700898766517639,
                1.0
            ]
        ],
        "camera_look_at": {
            "at": [
                0.07875141636882599,
                -0.0984363971602714,
                0.05710667275391962
            ],
            "eye": [
                -0.2048920282499374,
                0.5225659352370257,
                0.5700898942859215
            ],
            "up": [
                0,
                0,
                1
            ]
        },
        "camera_view_matrix": [
            [
                -0.909609317779541,
                0.24957403540611267,
                -0.33215034008026123,
                0.0
            ],
            [
                -0.415464848279953,
                -0.5464117527008057,
                0.7272023558616638,
                0.0
            ],
            [
                -1.4901161193847656e-08,
                0.7994667887687683,
                0.600710391998291,
                0.0
            ],
            [
                0.030736098065972328,
                -0.11909604072570801,
                -0.7905250787734985,
                1.0
            ]
        ],
        "height": 1600,
        "intrinsics": {
            "cx": 800.0,
            "cy": 800.0,
            "fx": 1931.371337890625,
            "fy": 1931.371337890625
        },
        "location_world": [
            -0.20489202439785004,
            0.5225659608840942,
            0.5700898766517639
        ],
        "quaternion_world_xyzw": [
            -0.0949895977973938,
            0.43660256266593933,
            0.8741755485534668,
            -0.19019031524658203
        ],
        "scene_center_3d_box": [
            0.024974003434181213,
            0.03969629108905792,
            0.1144767552614212
        ],
        "scene_max_3d_box": [
            0.22658920288085938,
            0.2669350802898407,
            0.2882981300354004
        ],
        "scene_min_3d_box": [
            -0.17664119601249695,
            -0.18754251301288605,
            -0.059344615787267685
        ],
        "width": 1600
    },
    "objects": []
}