{
    "camera_data": {
        "cam2world": [
            [
                -0.09389400482177734,
                -0.9955823421478271,
                -2.9802322387695312e-08,
                0.0
            ],
            [
                0.1246652603149414,
                -0.011757373809814453,
                0.9921293258666992,
                0.0
            ],
            [
                -0.9877463579177856,
                0.09315487742424011,
                0.12521827220916748,
                0.0
            ],
            [
                -0.7748586535453796,
                0.06326671689748764,
                0.18880070745944977,
                1.0
            ]
        ],
        "camera_look_at": {
            "at": [
                -0.00790821158580901,
                -0.009064769889148325,
                0.0915730042070535
            ],
            "eye": [
                -0.7748586388820753,
                0.06326671802922945,
                0.18880070946138547
            ],
            "up": [
                0,
                0,
                1
            ]
        },
        "camera_view_matrix": [
            [
                -0.09389376640319824,
                0.12466523051261902,
                -0.9877461194992065,
                0.0
            ],
            [
                -0.995582103729248,
                -0.011757135391235352,
                0.09315487742424011,
                0.0
            ],
            [
                -2.9802322387695312e-08,
                0.9921290874481201,
                0.12521851062774658,
                0.0
            ],
            [
                -0.009767184033989906,
                -0.08997290581464767,
                -0.7948985695838928,
                1.0
            ]
        ],
        "height": 1600,
        "intrinsics": {
            "cx": 800.0,
            "cy": 800.0,
            "fx": 1931.371337890625,
            "fy": 1931.371337890625
        },
        "location_world": [
            -0.7748586535453796,
            0.06326671689748764,
            0.18880070745944977
        ],
        "quaternion_world_xyzw": [
            -0.4451530873775482,
            0.4891110062599182,
            0.5547228455543518,
            -0.5048681497573853
        ],
        "scene_center_3d_box": [
            0.024974003434181213,
            0.03969629108905792,
            0.1144767552614212
        ],
        "scene_max_3d_box": [
            0.22658920288085938,
            0.2669350802898407,
            0.2882981300354004
        ],
        "scene_min_3d_box": [
            -0.17664119601249695,
            -0.18754251301288605,
            -0.059344615787267685
        ],
        "width": 1600
    },
    "objects": []
}