{
    "camera_data": {
        "cam2world": [
            [
                0.8990365862846375,
                -0.437873512506485,
                0.0,
                0.0
            ],
            [
                0.3234475553035736,
                0.6640985608100891,
                0.6740584373474121,
                0.0
            ],
            [
                -0.29515233635902405,
                -0.6060031652450562,
                0.7386780381202698,
                0.0
            ],
            [
                -0.2581249177455902,
                -0.49290865659713745,
                0.5748292207717896,
                1.0
            ]
        ],
        "camera_look_at": {
            "at": [
                -0.03012412617316558,
                -0.024780208781736562,
                0.0042114318819048814
            ],
            "eye": [
                -0.25812490665071586,
                -0.4929086561637448,
                0.5748292420091564
            ],
            "up": [
                0,
                0,
                1
            ]
        },
        "camera_view_matrix": [
            [
                0.8990365862846375,
                0.3234475553035736,
                -0.29515233635902405,
                0.0
            ],
            [
                -0.437873512506485,
                0.6640985608100891,
                -0.6060031652450562,
                0.0
            ],
            [
                0.0,
                0.6740584373474121,
                0.7386780381202698,
                0.0
            ],
            [
                0.01623210310935974,
                0.023361295461654663,
                -0.7995041012763977,
                1.0
            ]
        ],
        "height": 1600,
        "intrinsics": {
            "cx": 800.0,
            "cy": 800.0,
            "fx": 1931.371337890625,
            "fy": 1931.371337890625
        },
        "location_world": [
            -0.2581249177455902,
            -0.49290865659713745,
            0.5748292207717896
        ],
        "quaternion_world_xyzw": [
            0.3522286117076874,
            -0.08121569454669952,
            -0.20948918163776398,
            0.9085446000099182
        ],
        "scene_center_3d_box": [
            0.024974003434181213,
            0.03969629108905792,
            0.1144767552614212
        ],
        "scene_max_3d_box": [
            0.22658920288085938,
            0.2669350802898407,
            0.2882981300354004
        ],
        "scene_min_3d_box": [
            -0.17664119601249695,
            -0.18754251301288605,
            -0.059344615787267685
        ],
        "width": 1600
    },
    "objects": []
}