{
    "camera_data": {
        "cam2world": [
            [
                -0.23318684101104736,
                -0.9724321365356445,
                0.0,
                0.0
            ],
            [
                0.6522096395492554,
                -0.15639841556549072,
                0.7417293787002563,
                0.0
            ],
            [
                -0.7212813496589661,
                0.17296141386032104,
                0.6706993579864502,
                0.0
            ],
            [
                -0.516871988773346,
                0.10034197568893433,
                0.602316677570343,
                1.0
            ]
        ],
        "camera_look_at": {
            "at": [
                0.05387682676659042,
                -0.03652212300038696,
                0.07159314457503292
            ],
            "eye": [
                -0.516871977079146,
                0.10034197671144317,
                0.6023166659417638
            ],
            "up": [
                0,
                0,
                1
            ]
        },
        "camera_view_matrix": [
            [
                -0.23318660259246826,
                0.6522095203399658,
                -0.7212812304496765,
                0.0
            ],
            [
                -0.9724318981170654,
                -0.15639805793762207,
                0.17296138405799866,
                0.0
            ],
            [
                0.0,
                0.7417292594909668,
                0.670699417591095,
                0.0
            ],
            [
                -0.0229518860578537,
                -0.09395381808280945,
                -0.7941387891769409,
                1.0
            ]
        ],
        "height": 1600,
        "intrinsics": {
            "cx": 800.0,
            "cy": 800.0,
            "fx": 1931.371337890625,
            "fy": 1931.371337890625
        },
        "location_world": [
            -0.516871988773346,
            0.10034197568893433,
            0.602316677570343
        ],
        "quaternion_world_xyzw": [
            -0.2512529194355011,
            0.31862562894821167,
            0.7176845669746399,
            -0.5659316778182983
        ],
        "scene_center_3d_box": [
            0.024974003434181213,
            0.03969629108905792,
            0.1144767552614212
        ],
        "scene_max_3d_box": [
            0.22658920288085938,
            0.2669350802898407,
            0.2882981300354004
        ],
        "scene_min_3d_box": [
            -0.17664119601249695,
            -0.18754251301288605,
            -0.059344615787267685
        ],
        "width": 1600
    },
    "objects": []
}