{
    "camera_data": {
        "cam2world": [
            [
                0.998818576335907,
                0.04859433323144913,
                0.0,
                0.0
            ],
            [
                -0.029205724596977234,
                0.6003009080886841,
                0.7992408275604248,
                0.0
            ],
            [
                0.038838572800159454,
                -0.7982965707778931,
                0.6010109186172485,
                0.0
            ],
            [
                -0.017914384603500366,
                -0.576415479183197,
                0.5544995665550232,
                1.0
            ]
        ],
        "camera_look_at": {
            "at": [
                -0.04858895707493798,
                0.05407647388300249,
                0.07982315155765118
            ],
            "eye": [
                -0.0179143837541071,
                -0.5764154849284765,
                0.5544995679493224
            ],
            "up": [
                0,
                0,
                1
            ]
        },
        "camera_view_matrix": [
            [
                0.998818576335907,
                -0.029205724596977234,
                0.038838572800159454,
                0.0
            ],
            [
                0.04859433323144913,
                0.6003009080886841,
                -0.7982965707778931,
                0.0
            ],
            [
                0.0,
                0.7992408275604248,
                0.6010109186172485,
                0.0
            ],
            [
                0.04590374603867531,
                -0.09767916798591614,
                -0.7927150726318359,
                1.0
            ]
        ],
        "height": 1600,
        "intrinsics": {
            "cx": 800.0,
            "cy": 800.0,
            "fx": 1931.371337890625,
            "fy": 1931.371337890625
        },
        "location_world": [
            -0.017914384603500366,
            -0.576415479183197,
            0.5544995665550232
        ],
        "quaternion_world_xyzw": [
            0.4465161859989166,
            0.010855489410459995,
            0.021745333448052406,
            0.8944454193115234
        ],
        "scene_center_3d_box": [
            0.024974003434181213,
            0.03969629108905792,
            0.1144767552614212
        ],
        "scene_max_3d_box": [
            0.22658920288085938,
            0.2669350802898407,
            0.2882981300354004
        ],
        "scene_min_3d_box": [
            -0.17664119601249695,
            -0.18754251301288605,
            -0.059344615787267685
        ],
        "width": 1600
    },
    "objects": []
}