{
    "camera_data": {
        "cam2world": [
            [
                0.999879777431488,
                0.015506498515605927,
                0.0,
                0.0
            ],
            [
                -0.01230926439166069,
                0.7937178015708923,
                0.6081616282463074,
                0.0
            ],
            [
                0.009430455975234509,
                -0.6080885529518127,
                0.7938132286071777,
                0.0
            ],
            [
                -0.08489419519901276,
                -0.4355998933315277,
                0.6656360030174255,
                1.0
            ]
        ],
        "camera_look_at": {
            "at": [
                -0.09272955157607368,
                0.0696346179542787,
                0.006090735108506285
            ],
            "eye": [
                -0.08489419332147197,
                -0.43559989383742953,
                0.6656360104802834
            ],
            "up": [
                0,
                0,
                1
            ]
        },
        "camera_view_matrix": [
            [
                0.999879777431488,
                -0.012309260666370392,
                0.009430453181266785,
                0.0
            ],
            [
                0.015506494790315628,
                0.7937178611755371,
                -0.6080884337425232,
                0.0
            ],
            [
                4.656612873077393e-10,
                0.6081615090370178,
                0.7938132882118225,
                0.0
            ],
            [
                0.09163861721754074,
                -0.0601157546043396,
                -0.7924733757972717,
                1.0
            ]
        ],
        "height": 1600,
        "intrinsics": {
            "cx": 800.0,
            "cy": 800.0,
            "fx": 1931.371337890625,
            "fy": 1931.371337890625
        },
        "location_world": [
            -0.08489419519901276,
            -0.4355998933315277,
            0.6656360030174255
        ],
        "quaternion_world_xyzw": [
            0.32107192277908325,
            0.0024894997477531433,
            0.007342946715652943,
            0.9470231533050537
        ],
        "scene_center_3d_box": [
            0.024974003434181213,
            0.03969629108905792,
            0.1144767552614212
        ],
        "scene_max_3d_box": [
            0.22658920288085938,
            0.2669350802898407,
            0.2882981300354004
        ],
        "scene_min_3d_box": [
            -0.17664119601249695,
            -0.18754251301288605,
            -0.059344615787267685
        ],
        "width": 1600
    },
    "objects": []
}