{
    "camera_data": {
        "cam2world": [
            [
                0.03829139471054077,
                -0.9992666244506836,
                0.0,
                0.0
            ],
            [
                0.02061140537261963,
                0.0007898211479187012,
                0.9997872710227966,
                0.0
            ],
            [
                -0.9990540146827698,
                -0.03828328847885132,
                0.020626544952392578,
                0.0
            ],
            [
                -0.7971867322921753,
                0.04340061545372009,
                0.051654696464538574,
                1.0
            ]
        ],
        "camera_look_at": {
            "at": [
                -0.04042566202152301,
                0.07239937473896438,
                0.036030515782724384
            ],
            "eye": [
                -0.7971867522270927,
                0.043400614683254984,
                0.05165469472153142
            ],
            "up": [
                0,
                0,
                1
            ]
        },
        "camera_view_matrix": [
            [
                0.03829139471054077,
                0.02061140537261963,
                -0.9990540146827698,
                0.0
            ],
            [
                -0.9992666244506836,
                0.0007898211479187012,
                -0.03828328847885132,
                0.0
            ],
            [
                0.0,
                0.9997872710227966,
                0.020626544952392578,
                0.0
            ],
            [
                0.07389418035745621,
                -0.035246845334768295,
                -0.7958365082740784,
                1.0
            ]
        ],
        "height": 1600,
        "intrinsics": {
            "cx": 800.0,
            "cy": 800.0,
            "fx": 1931.371337890625,
            "fy": 1931.371337890625
        },
        "location_world": [
            -0.7971867322921753,
            0.04340061545372009,
            0.051654696464538574
        ],
        "quaternion_world_xyzw": [
            0.5042011141777039,
            -0.48525041341781616,
            -0.49536484479904175,
            0.514710545539856
        ],
        "scene_center_3d_box": [
            0.024974003434181213,
            0.03969629108905792,
            0.1144767552614212
        ],
        "scene_max_3d_box": [
            0.22658920288085938,
            0.2669350802898407,
            0.2882981300354004
        ],
        "scene_min_3d_box": [
            -0.17664119601249695,
            -0.18754251301288605,
            -0.059344615787267685
        ],
        "width": 1600
    },
    "objects": []
}