{
    "camera_data": {
        "cam2world": [
            [
                -0.23663854598999023,
                -0.9715977907180786,
                -2.9802322387695312e-08,
                0.0
            ],
            [
                0.37014684081077576,
                -0.09015154838562012,
                0.924588680267334,
                0.0
            ],
            [
                -0.8983283042907715,
                0.21879318356513977,
                0.38096708059310913,
                0.0
            ],
            [
                -0.6743624210357666,
                0.18625804781913757,
                0.38800138235092163,
                1.0
            ]
        ],
        "camera_look_at": {
            "at": [
                0.08475919690670636,
                0.0013695288081488899,
                0.06606959676348689
            ],
            "eye": [
                -0.6743624331752305,
                0.1862580405876207,
                0.38800139429996705
            ],
            "up": [
                0,
                0,
                1
            ]
        },
        "camera_view_matrix": [
            [
                -0.23663818836212158,
                0.370146781206131,
                -0.8983280658721924,
                0.0
            ],
            [
                -0.9715976715087891,
                -0.09015130996704102,
                0.21879315376281738,
                0.0
            ],
            [
                -2.9802322387695312e-08,
                0.9245884418487549,
                0.38096725940704346,
                0.0
            ],
            [
                0.021387990564107895,
                -0.09233710169792175,
                -0.7943664789199829,
                1.0
            ]
        ],
        "height": 1600,
        "intrinsics": {
            "cx": 800.0,
            "cy": 800.0,
            "fx": 1931.371337890625,
            "fy": 1931.371337890625
        },
        "location_world": [
            -0.6743624210357666,
            0.18625804781913757,
            0.38800138235092163
        ],
        "quaternion_world_xyzw": [
            -0.34370988607406616,
            0.4374699592590332,
            0.6534059047698975,
            -0.5133656859397888
        ],
        "scene_center_3d_box": [
            0.024974003434181213,
            0.03969629108905792,
            0.1144767552614212
        ],
        "scene_max_3d_box": [
            0.22658920288085938,
            0.2669350802898407,
            0.2882981300354004
        ],
        "scene_min_3d_box": [
            -0.17664119601249695,
            -0.18754251301288605,
            -0.059344615787267685
        ],
        "width": 1600
    },
    "objects": []
}