{
    "camera_data": {
        "cam2world": [
            [
                -0.535560131072998,
                -0.8444973230361938,
                0.0,
                0.0
            ],
            [
                0.5674984455108643,
                -0.3598940372467041,
                0.7405552864074707,
                0.0
            ],
            [
                -0.6253969073295593,
                0.39661169052124023,
                0.6719954609870911,
                0.0
            ],
            [
                -0.4478067457675934,
                0.35110875964164734,
                0.5623442530632019,
                1.0
            ]
        ],
        "camera_look_at": {
            "at": [
                -0.0011768419271942776,
                0.06786676778456865,
                0.08243567649304623
            ],
            "eye": [
                -0.4478067325927027,
                0.3511087546969067,
                0.5623442452514853
            ],
            "up": [
                0,
                0,
                1
            ]
        },
        "camera_view_matrix": [
            [
                -0.5355595350265503,
                0.5674982070922852,
                -0.625396728515625,
                0.0
            ],
            [
                -0.8444970846176147,
                -0.3598935604095459,
                0.39661163091659546,
                0.0
            ],
            [
                5.960464477539063e-08,
                0.7405551075935364,
                0.6719955205917358,
                0.0
            ],
            [
                0.05668313428759575,
                -0.035955578088760376,
                -0.797203540802002,
                1.0
            ]
        ],
        "height": 1600,
        "intrinsics": {
            "cx": 800.0,
            "cy": 800.0,
            "fx": 1931.371337890625,
            "fy": 1931.371337890625
        },
        "location_world": [
            -0.4478067457675934,
            0.35110875964164734,
            0.5623442530632019
        ],
        "quaternion_world_xyzw": [
            -0.19515278935432434,
            0.3548487722873688,
            0.8011631369590759,
            -0.44060805439949036
        ],
        "scene_center_3d_box": [
            0.024974003434181213,
            0.03969629108905792,
            0.1144767552614212
        ],
        "scene_max_3d_box": [
            0.22658920288085938,
            0.2669350802898407,
            0.2882981300354004
        ],
        "scene_min_3d_box": [
            -0.17664119601249695,
            -0.18754251301288605,
            -0.059344615787267685
        ],
        "width": 1600
    },
    "objects": []
}