{
    "camera_data": {
        "cam2world": [
            [
                -0.675613284111023,
                0.7372561693191528,
                2.9802322387695312e-08,
                0.0
            ],
            [
                -0.5442184209823608,
                -0.4987156391143799,
                0.67461758852005,
                0.0
            ],
            [
                0.4973659813404083,
                0.45578059554100037,
                0.738167405128479,
                0.0
            ],
            [
                0.4611923396587372,
                0.24898438155651093,
                0.6044362187385559,
                1.0
            ]
        ],
        "camera_look_at": {
            "at": [
                0.08428149142536448,
                -0.09641246632533843,
                0.045042732130114796
            ],
            "eye": [
                0.461192338086134,
                0.24898437807092277,
                0.6044362240141795
            ],
            "up": [
                0,
                0,
                1
            ]
        },
        "camera_view_matrix": [
            [
                -0.675613284111023,
                -0.5442184209823608,
                0.4973659813404083,
                0.0
            ],
            [
                0.7372561693191528,
                -0.4987156391143799,
                0.45578059554100037,
                0.0
            ],
            [
                2.9802322387695312e-08,
                0.67461758852005,
                0.738167405128479,
                0.0
            ],
            [
                0.12802237272262573,
                -0.03260153532028198,
                -0.7890387773513794,
                1.0
            ]
        ],
        "height": 1600,
        "intrinsics": {
            "cx": 800.0,
            "cy": 800.0,
            "fx": 1931.371337890625,
            "fy": 1931.371337890625
        },
        "location_world": [
            0.4611923396587372,
            0.24898438155651093,
            0.6044362187385559
        ],
        "quaternion_world_xyzw": [
            0.1457180678844452,
            0.3311835527420044,
            0.8533018827438354,
            0.3754458427429199
        ],
        "scene_center_3d_box": [
            0.024974003434181213,
            0.03969629108905792,
            0.1144767552614212
        ],
        "scene_max_3d_box": [
            0.22658920288085938,
            0.2669350802898407,
            0.2882981300354004
        ],
        "scene_min_3d_box": [
            -0.17664119601249695,
            -0.18754251301288605,
            -0.059344615787267685
        ],
        "width": 1600
    },
    "objects": []
}