{
    "camera_data": {
        "cam2world": [
            [
                -0.9955947399139404,
                -0.09376360476016998,
                3.725290298461914e-09,
                0.0
            ],
            [
                0.01836720108985901,
                -0.19502544403076172,
                0.9806262850761414,
                0.0
            ],
            [
                -0.0919470489025116,
                0.976306140422821,
                0.19588828086853027,
                0.0
            ],
            [
                0.009880530647933483,
                0.7842190861701965,
                0.15778303146362305,
                1.0
            ]
        ],
        "camera_look_at": {
            "at": [
                0.08312873317861386,
                0.006459801899385803,
                0.0017314846090326743
            ],
            "eye": [
                0.009880530879726025,
                0.7842190712053979,
                0.15778303297101665
            ],
            "up": [
                0,
                0,
                1
            ]
        },
        "camera_view_matrix": [
            [
                -0.9955941438674927,
                0.018367193639278412,
                -0.0919470265507698,
                0.0
            ],
            [
                -0.09376358240842819,
                -0.19502508640289307,
                0.9763059020042419,
                0.0
            ],
            [
                7.450580596923828e-09,
                0.9806260466575623,
                0.1958884596824646,
                0.0
            ],
            [
                0.08336818963289261,
                -0.001965239644050598,
                -0.7956370711326599,
                1.0
            ]
        ],
        "height": 1600,
        "intrinsics": {
            "cx": 800.0,
            "cy": 800.0,
            "fx": 1931.371337890625,
            "fy": 1931.371337890625
        },
        "location_world": [
            0.009880530647933483,
            0.7842190861701965,
            0.15778303146362305
        ],
        "quaternion_world_xyzw": [
            -0.029759544879198074,
            0.6333799958229065,
            0.7724164128303528,
            -0.03629221394658089
        ],
        "scene_center_3d_box": [
            0.024974003434181213,
            0.03969629108905792,
            0.1144767552614212
        ],
        "scene_max_3d_box": [
            0.22658920288085938,
            0.2669350802898407,
            0.2882981300354004
        ],
        "scene_min_3d_box": [
            -0.17664119601249695,
            -0.18754251301288605,
            -0.059344615787267685
        ],
        "width": 1600
    },
    "objects": []
}