{
    "camera_data": {
        "cam2world": [
            [
                0.12144279479980469,
                -0.9925985932350159,
                0.0,
                0.0
            ],
            [
                0.08738607168197632,
                0.010691404342651367,
                0.996117353439331,
                0.0
            ],
            [
                -0.9887444376945496,
                -0.1209714412689209,
                0.08803749084472656,
                0.0
            ],
            [
                -0.7684784531593323,
                -0.19443602859973907,
                0.10783013701438904,
                1.0
            ]
        ],
        "camera_look_at": {
            "at": [
                0.0037565658472878544,
                -0.09995416799547713,
                0.03907046963289207
            ],
            "eye": [
                -0.7684784302023826,
                -0.19443602702908366,
                0.1078301367639437
            ],
            "up": [
                0,
                0,
                1
            ]
        },
        "camera_view_matrix": [
            [
                0.12144327163696289,
                0.08738607168197632,
                -0.9887439608573914,
                0.0
            ],
            [
                -0.9925981163978577,
                0.01069188117980957,
                -0.12097138166427612,
                0.0
            ],
            [
                0.0,
                0.9961168169975281,
                0.08803796768188477,
                0.0
            ],
            [
                -0.09967029094696045,
                -0.0381782203912735,
                -0.7928428053855896,
                1.0
            ]
        ],
        "height": 1600,
        "intrinsics": {
            "cx": 800.0,
            "cy": 800.0,
            "fx": 1931.371337890625,
            "fy": 1931.371337890625
        },
        "location_world": [
            -0.7684784531593323,
            -0.19443602859973907,
            0.10783013701438904
        ],
        "quaternion_world_xyzw": [
            0.5056465864181519,
            -0.447551965713501,
            -0.48885154724121094,
            0.5523070693016052
        ],
        "scene_center_3d_box": [
            0.024974003434181213,
            0.03969629108905792,
            0.1144767552614212
        ],
        "scene_max_3d_box": [
            0.22658920288085938,
            0.2669350802898407,
            0.2882981300354004
        ],
        "scene_min_3d_box": [
            -0.17664119601249695,
            -0.18754251301288605,
            -0.059344615787267685
        ],
        "width": 1600
    },
    "objects": []
}