{
    "camera_data": {
        "cam2world": [
            [
                0.930734395980835,
                0.36569589376449585,
                1.4901161193847656e-08,
                0.0
            ],
            [
                -0.06703309714794159,
                0.17060625553131104,
                0.9830564856529236,
                0.0
            ],
            [
                0.3594997525215149,
                -0.914964497089386,
                0.1833028793334961,
                0.0
            ],
            [
                0.28399577736854553,
                -0.7294723987579346,
                0.16503457725048065,
                1.0
            ]
        ],
        "camera_look_at": {
            "at": [
                0.00881043266340549,
                -0.029096825983215946,
                0.024722227399295717
            ],
            "eye": [
                0.2839957818336849,
                -0.7294723913470466,
                0.16503458445128028
            ],
            "up": [
                0,
                0,
                1
            ]
        },
        "camera_view_matrix": [
            [
                0.930734395980835,
                -0.06703309714794159,
                0.3594997525215149,
                0.0
            ],
            [
                0.36569589376449585,
                0.17060625553131104,
                -0.914964497089386,
                0.0
            ],
            [
                1.4901161193847656e-08,
                0.9830564856529236,
                0.1833028793334961,
                0.0
            ],
            [
                0.002440420212224126,
                -0.01874864101409912,
                -0.7997891306877136,
                1.0
            ]
        ],
        "height": 1600,
        "intrinsics": {
            "cx": 800.0,
            "cy": 800.0,
            "fx": 1931.371337890625,
            "fy": 1931.371337890625
        },
        "location_world": [
            0.28399577736854553,
            -0.7294723987579346,
            0.16503457725048065
        ],
        "quaternion_world_xyzw": [
            0.6278585195541382,
            0.11892122030258179,
            0.14314520359039307,
            0.7557518482208252
        ],
        "scene_center_3d_box": [
            0.024974003434181213,
            0.03969629108905792,
            0.1144767552614212
        ],
        "scene_max_3d_box": [
            0.22658920288085938,
            0.2669350802898407,
            0.2882981300354004
        ],
        "scene_min_3d_box": [
            -0.17664119601249695,
            -0.18754251301288605,
            -0.059344615787267685
        ],
        "width": 1600
    },
    "objects": []
}