{
    "camera_data": {
        "cam2world": [
            [
                -0.9541652202606201,
                0.2992823123931885,
                -1.4901161193847656e-08,
                0.0
            ],
            [
                -0.09611417353153229,
                -0.3064291477203369,
                0.9470289945602417,
                0.0
            ],
            [
                0.2834289073944092,
                0.9036215543746948,
                0.3211486339569092,
                0.0
            ],
            [
                0.32399341464042664,
                0.667447030544281,
                0.2992883622646332,
                1.0
            ]
        ],
        "camera_look_at": {
            "at": [
                0.0904288540303397,
                -0.07719811991046333,
                0.03464002342097803
            ],
            "eye": [
                0.3239934016103167,
                0.6674470268155546,
                0.29928835410277926
            ],
            "up": [
                0,
                0,
                1
            ]
        },
        "camera_view_matrix": [
            [
                -0.9541642665863037,
                -0.0961141288280487,
                0.28342878818511963,
                0.0
            ],
            [
                0.29928216338157654,
                -0.30642855167388916,
                0.9036211371421814,
                0.0
            ],
            [
                -1.4901161193847656e-08,
                0.9470285773277283,
                0.32114893198013306,
                0.0
            ],
            [
                0.10938795655965805,
                -0.0477694571018219,
                -0.791064441204071,
                1.0
            ]
        ],
        "height": 1600,
        "intrinsics": {
            "cx": 800.0,
            "cy": 800.0,
            "fx": 1931.371337890625,
            "fy": 1931.371337890625
        },
        "location_world": [
            0.32399341464042664,
            0.667447030544281,
            0.2992883622646332
        ],
        "quaternion_world_xyzw": [
            0.08819778263568878,
            0.5758878588676453,
            0.8033901453018188,
            0.12303999066352844
        ],
        "scene_center_3d_box": [
            0.024974003434181213,
            0.03969629108905792,
            0.1144767552614212
        ],
        "scene_max_3d_box": [
            0.22658920288085938,
            0.2669350802898407,
            0.2882981300354004
        ],
        "scene_min_3d_box": [
            -0.17664119601249695,
            -0.18754251301288605,
            -0.059344615787267685
        ],
        "width": 1600
    },
    "objects": []
}