{
    "camera_data": {
        "cam2world": [
            [
                0.2212119698524475,
                0.9752257466316223,
                -2.9802322387695312e-08,
                0.0
            ],
            [
                -0.3213345408439636,
                0.07288885116577148,
                0.9441564083099365,
                0.0
            ],
            [
                0.9207656383514404,
                -0.2088586390018463,
                0.32949763536453247,
                0.0
            ],
            [
                0.6985983848571777,
                -0.23190715909004211,
                0.31333041191101074,
                1.0
            ]
        ],
        "camera_look_at": {
            "at": [
                -0.05052426367154659,
                -0.06198254788712121,
                0.04525552226997859
            ],
            "eye": [
                0.6985983609325397,
                -0.2319071541061547,
                0.3133304213120376
            ],
            "up": [
                0,
                0,
                1
            ]
        },
        "camera_view_matrix": [
            [
                0.2212119698524475,
                -0.3213345408439636,
                0.9207656383514404,
                0.0
            ],
            [
                0.9752257466316223,
                0.07288885116577148,
                -0.2088586390018463,
                0.0
            ],
            [
                -2.9802322387695312e-08,
                0.9441564083099365,
                0.32949763536453247,
                0.0
            ],
            [
                0.07162352651357651,
                -0.054445669054985046,
                -0.7949228286743164,
                1.0
            ]
        ],
        "height": 1600,
        "intrinsics": {
            "cx": 800.0,
            "cy": 800.0,
            "fx": 1931.371337890625,
            "fy": 1931.371337890625
        },
        "location_world": [
            0.6985983848571777,
            -0.23190715909004211,
            0.31333041191101074
        ],
        "quaternion_world_xyzw": [
            0.4524448812007904,
            0.36130985617637634,
            0.5087722539901733,
            0.637102484703064
        ],
        "scene_center_3d_box": [
            0.024974003434181213,
            0.03969629108905792,
            0.1144767552614212
        ],
        "scene_max_3d_box": [
            0.22658920288085938,
            0.2669350802898407,
            0.2882981300354004
        ],
        "scene_min_3d_box": [
            -0.17664119601249695,
            -0.18754251301288605,
            -0.059344615787267685
        ],
        "width": 1600
    },
    "objects": []
}