{
    "camera_data": {
        "cam2world": [
            [
                0.7892707586288452,
                -0.6140453815460205,
                0.0,
                0.0
            ],
            [
                0.012354642152786255,
                0.015880167484283447,
                0.9997975826263428,
                0.0
            ],
            [
                -0.613921046257019,
                -0.7891110181808472,
                0.020120084285736084,
                0.0
            ],
            [
                -0.4754239022731781,
                -0.639480710029602,
                0.07096506655216217,
                1.0
            ]
        ],
        "camera_look_at": {
            "at": [
                0.061744173738295716,
                0.05097493409350359,
                0.0533603443292388
            ],
            "eye": [
                -0.4754239059394145,
                -0.6394807385793215,
                0.07096506898721895
            ],
            "up": [
                0,
                0,
                1
            ]
        },
        "camera_view_matrix": [
            [
                0.7892707586288452,
                0.012354642152786255,
                -0.613921046257019,
                0.0
            ],
            [
                -0.6140453815460205,
                0.015880167484283447,
                -0.7891110181808472,
                0.0
            ],
            [
                0.0,
                0.9997975826263428,
                0.020120084285736084,
                0.0
            ],
            [
                -0.01743200421333313,
                -0.0549219474196434,
                -0.7979218363761902,
                1.0
            ]
        ],
        "height": 1600,
        "intrinsics": {
            "cx": 800.0,
            "cy": 800.0,
            "fx": 1931.371337890625,
            "fy": 1931.371337890625
        },
        "location_world": [
            -0.4754239022731781,
            -0.639480710029602,
            0.07096506655216217
        ],
        "quaternion_world_xyzw": [
            0.6620556116104126,
            -0.22720550000667572,
            -0.23182381689548492,
            0.675512969493866
        ],
        "scene_center_3d_box": [
            0.024974003434181213,
            0.03969629108905792,
            0.1144767552614212
        ],
        "scene_max_3d_box": [
            0.22658920288085938,
            0.2669350802898407,
            0.2882981300354004
        ],
        "scene_min_3d_box": [
            -0.17664119601249695,
            -0.18754251301288605,
            -0.059344615787267685
        ],
        "width": 1600
    },
    "objects": []
}