{
    "camera_data": {
        "cam2world": [
            [
                -0.7847806215286255,
                0.6197740435600281,
                5.960464477539063e-08,
                0.0
            ],
            [
                -0.24102003872394562,
                -0.3051886558532715,
                0.921286940574646,
                0.0
            ],
            [
                0.5709896683692932,
                0.7230079174041748,
                0.3888837695121765,
                0.0
            ],
            [
                0.4496925473213196,
                0.5885834693908691,
                0.30231574177742004,
                1.0
            ]
        ],
        "camera_look_at": {
            "at": [
                0.010001420425474222,
                0.03183056255850794,
                0.0028554567522989685
            ],
            "eye": [
                0.44969253395415215,
                0.58858346548033,
                0.30231573629952657
            ],
            "up": [
                0,
                0,
                1
            ]
        },
        "camera_view_matrix": [
            [
                -0.7847801446914673,
                -0.24101999402046204,
                0.5709895491600037,
                0.0
            ],
            [
                0.6197738647460938,
                -0.30518829822540283,
                0.7230077385902405,
                0.0
            ],
            [
                5.960464477539063e-08,
                0.9212867617607117,
                0.38888388872146606,
                0.0
            ],
            [
                -0.011878895573318005,
                0.009494215250015259,
                -0.7998858690261841,
                1.0
            ]
        ],
        "height": 1600,
        "intrinsics": {
            "cx": 800.0,
            "cy": 800.0,
            "fx": 1931.371337890625,
            "fy": 1931.371337890625
        },
        "location_world": [
            0.4496925473213196,
            0.5885834693908691,
            0.30231574177742004
        ],
        "quaternion_world_xyzw": [
            0.1813313513994217,
            0.5221849083900452,
            0.7872186899185181,
            0.2733656167984009
        ],
        "scene_center_3d_box": [
            0.024974003434181213,
            0.03969629108905792,
            0.1144767552614212
        ],
        "scene_max_3d_box": [
            0.22658920288085938,
            0.2669350802898407,
            0.2882981300354004
        ],
        "scene_min_3d_box": [
            -0.17664119601249695,
            -0.18754251301288605,
            -0.059344615787267685
        ],
        "width": 1600
    },
    "objects": []
}