{
    "camera_data": {
        "cam2world": [
            [
                -0.972771167755127,
                0.23176857829093933,
                7.450580596923828e-09,
                0.0
            ],
            [
                -0.07298356294631958,
                -0.3063241243362427,
                0.9491254091262817,
                0.0
            ],
            [
                0.21997743844985962,
                0.9232816696166992,
                0.31489837169647217,
                0.0
            ],
            [
                0.20057137310504913,
                0.7188184857368469,
                0.28831496834754944,
                1.0
            ]
        ],
        "camera_look_at": {
            "at": [
                0.006414058033012426,
                -0.09609178671382296,
                0.010378059809157892
            ],
            "eye": [
                0.20057137768633188,
                0.7188185061898613,
                0.28831495370582516
            ],
            "up": [
                0,
                0,
                1
            ]
        },
        "camera_view_matrix": [
            [
                -0.9727704524993896,
                -0.07298353314399719,
                0.21997737884521484,
                0.0
            ],
            [
                0.23176851868629456,
                -0.3063236474990845,
                0.9232814311981201,
                0.0
            ],
            [
                7.450580596923828e-09,
                0.9491251707077026,
                0.3148985505104065,
                0.0
            ],
            [
                0.028510404750704765,
                -0.03881746530532837,
                -0.7985828518867493,
                1.0
            ]
        ],
        "height": 1600,
        "intrinsics": {
            "cx": 800.0,
            "cy": 800.0,
            "fx": 1931.371337890625,
            "fy": 1931.371337890625
        },
        "location_world": [
            0.20057137310504913,
            0.7188184857368469,
            0.28831496834754944
        ],
        "quaternion_world_xyzw": [
            0.06829103827476501,
            0.5812805891036987,
            0.8052939772605896,
            0.09460896998643875
        ],
        "scene_center_3d_box": [
            0.024974003434181213,
            0.03969629108905792,
            0.1144767552614212
        ],
        "scene_max_3d_box": [
            0.22658920288085938,
            0.2669350802898407,
            0.2882981300354004
        ],
        "scene_min_3d_box": [
            -0.17664119601249695,
            -0.18754251301288605,
            -0.059344615787267685
        ],
        "width": 1600
    },
    "objects": []
}