{
    "camera_data": {
        "cam2world": [
            [
                0.9885867238044739,
                0.1506529152393341,
                -3.725290298461914e-09,
                0.0
            ],
            [
                -0.12434297055006027,
                0.8159403800964355,
                0.5646061897277832,
                0.0
            ],
            [
                0.08505955338478088,
                -0.5581622123718262,
                0.8253604769706726,
                0.0
            ],
            [
                -0.02254427596926689,
                -0.3460959196090698,
                0.7209500074386597,
                1.0
            ]
        ],
        "camera_look_at": {
            "at": [
                -0.08987978947489127,
                0.09576082659940893,
                0.06757155310113376
            ],
            "eye": [
                -0.022544276287537104,
                -0.34609591192054073,
                0.7209500150570028
            ],
            "up": [
                0,
                0,
                1
            ]
        },
        "camera_view_matrix": [
            [
                0.9885867238044739,
                -0.12434293329715729,
                0.08505953848361969,
                0.0
            ],
            [
                0.15065287053585052,
                0.8159404397010803,
                -0.5581620931625366,
                0.0
            ],
            [
                0.0,
                0.5646060705184937,
                0.8253605365753174,
                0.0
            ],
            [
                0.07442731410264969,
                -0.12746232748031616,
                -0.786303699016571,
                1.0
            ]
        ],
        "height": 1600,
        "intrinsics": {
            "cx": 800.0,
            "cy": 800.0,
            "fx": 1931.371337890625,
            "fy": 1931.371337890625
        },
        "location_world": [
            -0.02254427596926689,
            -0.3460959196090698,
            0.7209500074386597
        ],
        "quaternion_world_xyzw": [
            0.29465481638908386,
            0.02232268825173378,
            0.07216881215572357,
            0.9526132941246033
        ],
        "scene_center_3d_box": [
            0.024974003434181213,
            0.03969629108905792,
            0.1144767552614212
        ],
        "scene_max_3d_box": [
            0.22658920288085938,
            0.2669350802898407,
            0.2882981300354004
        ],
        "scene_min_3d_box": [
            -0.17664119601249695,
            -0.18754251301288605,
            -0.059344615787267685
        ],
        "width": 1600
    },
    "objects": []
}