{
    "camera_data": {
        "cam2world": [
            [
                -0.1493455171585083,
                -0.9887852668762207,
                -5.960464477539063e-08,
                0.0
            ],
            [
                0.26075494289398193,
                -0.03938448429107666,
                0.9646015167236328,
                0.0
            ],
            [
                -0.9537836313247681,
                0.1440587341785431,
                0.2637122869491577,
                0.0
            ],
            [
                -0.7254388928413391,
                0.14992530643939972,
                0.3021623194217682,
                1.0
            ]
        ],
        "camera_look_at": {
            "at": [
                0.00947973071327557,
                0.03892381873082004,
                0.09896402987411643
            ],
            "eye": [
                -0.7254388673967505,
                0.149925306645555,
                0.30216231577091907
            ],
            "up": [
                0,
                0,
                1
            ]
        },
        "camera_view_matrix": [
            [
                -0.1493450403213501,
                0.2607548236846924,
                -0.9537831544876099,
                0.0
            ],
            [
                -0.9887847900390625,
                -0.03938400745391846,
                0.14405867457389832,
                0.0
            ],
            [
                -8.940696716308594e-08,
                0.9646010398864746,
                0.26371264457702637,
                0.0
            ],
            [
                0.0399031825363636,
                -0.09639973938465118,
                -0.7931934595108032,
                1.0
            ]
        ],
        "height": 1600,
        "intrinsics": {
            "cx": 800.0,
            "cy": 800.0,
            "fx": 1931.371337890625,
            "fy": 1931.371337890625
        },
        "location_world": [
            -0.7254388928413391,
            0.14992530643939972,
            0.3021623194217682
        ],
        "quaternion_world_xyzw": [
            -0.3957040011882782,
            0.45995891094207764,
            0.602586567401886,
            -0.5184069275856018
        ],
        "scene_center_3d_box": [
            0.024974003434181213,
            0.03969629108905792,
            0.1144767552614212
        ],
        "scene_max_3d_box": [
            0.22658920288085938,
            0.2669350802898407,
            0.2882981300354004
        ],
        "scene_min_3d_box": [
            -0.17664119601249695,
            -0.18754251301288605,
            -0.059344615787267685
        ],
        "width": 1600
    },
    "objects": []
}