{
    "camera_data": {
        "cam2world": [
            [
                0.8802571296691895,
                0.4744970202445984,
                2.9802322387695312e-08,
                0.0
            ],
            [
                0.03037305176258087,
                -0.05634617805480957,
                0.9979491233825684,
                0.0
            ],
            [
                0.47352391481399536,
                -0.8784518241882324,
                -0.0640110969543457,
                0.0
            ],
            [
                0.32362663745880127,
                -0.7307188510894775,
                0.03638187795877457,
                1.0
            ]
        ],
        "camera_look_at": {
            "at": [
                -0.02004297755986935,
                -0.0931645489594689,
                0.08283919117736116
            ],
            "eye": [
                0.3236266466672019,
                -0.7307188619283352,
                0.03638187787753129
            ],
            "up": [
                0,
                0,
                1
            ]
        },
        "camera_view_matrix": [
            [
                0.8802571296691895,
                0.03037305176258087,
                0.47352391481399536,
                0.0
            ],
            [
                0.4744970202445984,
                -0.05634617805480957,
                -0.8784518241882324,
                0.0
            ],
            [
                2.9802322387695312e-08,
                0.9979491233825684,
                -0.0640110969543457,
                0.0
            ],
            [
                0.06184926629066467,
                -0.08731000870466232,
                -0.7928174138069153,
                1.0
            ]
        ],
        "height": 1600,
        "intrinsics": {
            "cx": 800.0,
            "cy": 800.0,
            "fx": 1931.371337890625,
            "fy": 1931.371337890625
        },
        "location_world": [
            0.32362663745880127,
            -0.7307188510894775,
            0.03638187795877457
        ],
        "quaternion_world_xyzw": [
            0.7072153687477112,
            0.17847111821174622,
            0.16739028692245483,
            0.6633060574531555
        ],
        "scene_center_3d_box": [
            0.024974003434181213,
            0.03969629108905792,
            0.1144767552614212
        ],
        "scene_max_3d_box": [
            0.22658920288085938,
            0.2669350802898407,
            0.2882981300354004
        ],
        "scene_min_3d_box": [
            -0.17664119601249695,
            -0.18754251301288605,
            -0.059344615787267685
        ],
        "width": 1600
    },
    "objects": []
}