{
    "camera_data": {
        "cam2world": [
            [
                -0.24871528148651123,
                0.9685766696929932,
                -5.960464477539063e-08,
                0.0
            ],
            [
                -0.6809532642364502,
                -0.17485809326171875,
                0.7111451029777527,
                0.0
            ],
            [
                0.6887985467910767,
                0.17687267065048218,
                0.7030452489852905,
                0.0
            ],
            [
                0.4947090148925781,
                0.06549131125211716,
                0.6253284811973572,
                1.0
            ]
        ],
        "camera_look_at": {
            "at": [
                -0.04422572626016839,
                -0.0728987567296015,
                0.07524662291265778
            ],
            "eye": [
                0.4947090096990667,
                0.06549131364519578,
                0.6253284732821224
            ],
            "up": [
                0,
                0,
                1
            ]
        },
        "camera_view_matrix": [
            [
                -0.24871528148651123,
                -0.6809532642364502,
                0.6887985467910767,
                0.0
            ],
            [
                0.9685766696929932,
                -0.17485809326171875,
                0.17687267065048218,
                0.0
            ],
            [
                -5.960464477539063e-08,
                0.7111451029777527,
                0.7030452489852905,
                0.0
            ],
            [
                0.05960837006568909,
                -0.09637388586997986,
                -0.7919726371765137,
                1.0
            ]
        ],
        "height": 1600,
        "intrinsics": {
            "cx": 800.0,
            "cy": 800.0,
            "fx": 1931.371337890625,
            "fy": 1931.371337890625
        },
        "location_world": [
            0.4947090148925781,
            0.06549131125211716,
            0.6253284811973572
        ],
        "quaternion_world_xyzw": [
            0.23616600036621094,
            0.3044716417789459,
            0.7291465401649475,
            0.565568745136261
        ],
        "scene_center_3d_box": [
            0.024974003434181213,
            0.03969629108905792,
            0.1144767552614212
        ],
        "scene_max_3d_box": [
            0.22658920288085938,
            0.2669350802898407,
            0.2882981300354004
        ],
        "scene_min_3d_box": [
            -0.17664119601249695,
            -0.18754251301288605,
            -0.059344615787267685
        ],
        "width": 1600
    },
    "objects": []
}