{
    "camera_data": {
        "cam2world": [
            [
                -0.15801739692687988,
                -0.9874362945556641,
                -2.9802322387695312e-08,
                0.0
            ],
            [
                0.5485990047454834,
                -0.08779120445251465,
                0.8314636945724487,
                0.0
            ],
            [
                -0.8210173845291138,
                0.1313856542110443,
                0.5555791258811951,
                0.0
            ],
            [
                -0.5692054629325867,
                0.17947019636631012,
                0.5327431559562683,
                1.0
            ]
        ],
        "camera_look_at": {
            "at": [
                0.09656823096967548,
                0.07292784369103178,
                0.08221689923659706
            ],
            "eye": [
                -0.5692054757728439,
                0.1794701954925408,
                0.5327431446056257
            ],
            "up": [
                0,
                0,
                1
            ]
        },
        "camera_view_matrix": [
            [
                -0.15801739692687988,
                0.5485990047454834,
                -0.8210173845291138,
                0.0
            ],
            [
                -0.9874362945556641,
                -0.08779120445251465,
                0.1313856542110443,
                0.0
            ],
            [
                -2.9802322387695312e-08,
                0.8314636945724487,
                0.5555791258811951,
                0.0
            ],
            [
                0.08727103471755981,
                -0.11493515968322754,
                -0.7868883609771729,
                1.0
            ]
        ],
        "height": 1600,
        "intrinsics": {
            "cx": 800.0,
            "cy": 800.0,
            "fx": 1931.371337890625,
            "fy": 1931.371337890625
        },
        "location_world": [
            -0.5692054629325867,
            0.17947019636631012,
            0.5327431559562683
        ],
        "quaternion_world_xyzw": [
            -0.30585727095603943,
            0.35869452357292175,
            0.6710789203643799,
            -0.5722260475158691
        ],
        "scene_center_3d_box": [
            0.024974003434181213,
            0.03969629108905792,
            0.1144767552614212
        ],
        "scene_max_3d_box": [
            0.22658920288085938,
            0.2669350802898407,
            0.2882981300354004
        ],
        "scene_min_3d_box": [
            -0.17664119601249695,
            -0.18754251301288605,
            -0.059344615787267685
        ],
        "width": 1600
    },
    "objects": []
}