{
    "camera_data": {
        "cam2world": [
            [
                -0.9990432262420654,
                -0.043739669024944305,
                -5.587935447692871e-09,
                0.0
            ],
            [
                0.015346227213740349,
                -0.3505183458328247,
                0.9364303946495056,
                0.0
            ],
            [
                -0.04095914959907532,
                0.9355341792106628,
                0.3508538007736206,
                0.0
            ],
            [
                -0.034338172525167465,
                0.716123104095459,
                0.35497260093688965,
                1.0
            ]
        ],
        "camera_look_at": {
            "at": [
                -0.0002705150731716205,
                -0.0620048280308037,
                0.0631509723821325
            ],
            "eye": [
                -0.034338173504646186,
                0.7161231198402771,
                0.3549726056877906
            ],
            "up": [
                0,
                0,
                1
            ]
        },
        "camera_view_matrix": [
            [
                -0.9990427494049072,
                0.01534622348845005,
                -0.04095913842320442,
                0.0
            ],
            [
                -0.04373965412378311,
                -0.35051798820495605,
                0.9355339407920837,
                0.0
            ],
            [
                -3.725290298461914e-09,
                0.9364301562309265,
                0.35085391998291016,
                0.0
            ],
            [
                -0.0029823207296431065,
                -0.08086606860160828,
                -0.7959074974060059,
                1.0
            ]
        ],
        "height": 1600,
        "intrinsics": {
            "cx": 800.0,
            "cy": 800.0,
            "fx": 1931.371337890625,
            "fy": 1931.371337890625
        },
        "location_world": [
            -0.034338172525167465,
            0.716123104095459,
            0.35497260093688965
        ],
        "quaternion_world_xyzw": [
            -0.012462514452636242,
            0.5695768594741821,
            0.821647047996521,
            -0.01797788217663765
        ],
        "scene_center_3d_box": [
            0.024974003434181213,
            0.03969629108905792,
            0.1144767552614212
        ],
        "scene_max_3d_box": [
            0.22658920288085938,
            0.2669350802898407,
            0.2882981300354004
        ],
        "scene_min_3d_box": [
            -0.17664119601249695,
            -0.18754251301288605,
            -0.059344615787267685
        ],
        "width": 1600
    },
    "objects": []
}