{
    "camera_data": {
        "cam2world": [
            [
                0.9261347651481628,
                0.3771928548812866,
                7.450580596923828e-09,
                0.0
            ],
            [
                -0.30574512481689453,
                0.7507065534591675,
                0.585627555847168,
                0.0
            ],
            [
                0.2208944857120514,
                -0.542370080947876,
                0.810580313205719,
                0.0
            ],
            [
                0.11389011889696121,
                -0.4873058497905731,
                0.6241432428359985,
                1.0
            ]
        ],
        "camera_look_at": {
            "at": [
                -0.05232702947099315,
                -0.0791869827227749,
                0.014203271203269842
            ],
            "eye": [
                0.11389011712518614,
                -0.4873058497311508,
                0.6241432231776303
            ],
            "up": [
                0,
                0,
                1
            ]
        },
        "camera_view_matrix": [
            [
                0.9261348247528076,
                -0.3057449460029602,
                0.22089436650276184,
                0.0
            ],
            [
                0.3771926760673523,
                0.750706672668457,
                -0.5423698425292969,
                0.0
            ],
            [
                7.450580596923828e-09,
                0.5856273174285889,
                0.8105803728103638,
                0.0
            ],
            [
                0.07833057641983032,
                0.03512975573539734,
                -0.7953759431838989,
                1.0
            ]
        ],
        "height": 1600,
        "intrinsics": {
            "cx": 800.0,
            "cy": 800.0,
            "fx": 1931.371337890625,
            "fy": 1931.371337890625
        },
        "location_world": [
            0.11389011889696121,
            -0.4873058497905731,
            0.6241432428359985
        ],
        "quaternion_world_xyzw": [
            0.30201318860054016,
            0.05914289504289627,
            0.18285168707370758,
            0.9337320923805237
        ],
        "scene_center_3d_box": [
            0.024974003434181213,
            0.03969629108905792,
            0.1144767552614212
        ],
        "scene_max_3d_box": [
            0.22658920288085938,
            0.2669350802898407,
            0.2882981300354004
        ],
        "scene_min_3d_box": [
            -0.17664119601249695,
            -0.18754251301288605,
            -0.059344615787267685
        ],
        "width": 1600
    },
    "objects": []
}