{
    "camera_data": {
        "cam2world": [
            [
                0.6004548668861389,
                -0.7996586561203003,
                2.9802322387695312e-08,
                0.0
            ],
            [
                0.4737793505191803,
                0.35575568675994873,
                0.8055873513221741,
                0.0
            ],
            [
                -0.6441948413848877,
                -0.4837188124656677,
                0.5924769639968872,
                0.0
            ],
            [
                -0.4695098102092743,
                -0.35893094539642334,
                0.5392229557037354,
                1.0
            ]
        ],
        "camera_look_at": {
            "at": [
                0.06648746280921125,
                0.04354349600207302,
                0.046257130952831155
            ],
            "eye": [
                -0.46950981405835734,
                -0.35893095884495346,
                0.5392229470371833
            ],
            "up": [
                0,
                0,
                1
            ]
        },
        "camera_view_matrix": [
            [
                0.6004548668861389,
                0.4737793505191803,
                -0.6441948413848877,
                0.0
            ],
            [
                -0.7996586561203003,
                0.35575568675994873,
                -0.4837188124656677,
                0.0
            ],
            [
                2.9802322387695312e-08,
                0.8055873513221741,
                0.5924769639968872,
                0.0
            ],
            [
                -0.005102799739688635,
                -0.0842553973197937,
                -0.7955546379089355,
                1.0
            ]
        ],
        "height": 1600,
        "intrinsics": {
            "cx": 800.0,
            "cy": 800.0,
            "fx": 1931.371337890625,
            "fy": 1931.371337890625
        },
        "location_world": [
            -0.4695098102092743,
            -0.35893094539642334,
            0.5392229557037354
        ],
        "quaternion_world_xyzw": [
            0.4038013517856598,
            -0.20175717771053314,
            -0.3988315463066101,
            0.7982304692268372
        ],
        "scene_center_3d_box": [
            0.024974003434181213,
            0.03969629108905792,
            0.1144767552614212
        ],
        "scene_max_3d_box": [
            0.22658920288085938,
            0.2669350802898407,
            0.2882981300354004
        ],
        "scene_min_3d_box": [
            -0.17664119601249695,
            -0.18754251301288605,
            -0.059344615787267685
        ],
        "width": 1600
    },
    "objects": []
}