{
    "camera_data": {
        "cam2world": [
            [
                -0.9085348844528198,
                0.4178090989589691,
                -7.450580596923828e-09,
                0.0
            ],
            [
                -0.34938302636146545,
                -0.759740948677063,
                0.5483842492103577,
                0.0
            ],
            [
                0.2291199266910553,
                0.49822622537612915,
                0.8362264633178711,
                0.0
            ],
            [
                0.23772002756595612,
                0.40070146322250366,
                0.6503574252128601,
                1.0
            ]
        ],
        "camera_look_at": {
            "at": [
                0.07100461754915591,
                0.03817522728472872,
                0.04189074377498499
            ],
            "eye": [
                0.2377200276341311,
                0.4007014749490214,
                0.6503574284268281
            ],
            "up": [
                0,
                0,
                1
            ]
        },
        "camera_view_matrix": [
            [
                -0.9085348844528198,
                -0.34938302636146545,
                0.2291199266910553,
                0.0
            ],
            [
                0.4178090989589691,
                -0.759740948677063,
                0.49822622537612915,
                0.0
            ],
            [
                -7.450580596923828e-09,
                0.5483842492103577,
                0.8362264633178711,
                0.0
            ],
            [
                0.04856022074818611,
                0.03083890676498413,
                -0.79795241355896,
                1.0
            ]
        ],
        "height": 1600,
        "intrinsics": {
            "cx": 800.0,
            "cy": 800.0,
            "fx": 1931.371337890625,
            "fy": 1931.371337890625
        },
        "location_world": [
            0.23772002756595612,
            0.40070146322250366,
            0.6503574252128601
        ],
        "quaternion_world_xyzw": [
            0.061195529997348785,
            0.27953869104385376,
            0.936015784740448,
            0.20490896701812744
        ],
        "scene_center_3d_box": [
            0.024974003434181213,
            0.03969629108905792,
            0.1144767552614212
        ],
        "scene_max_3d_box": [
            0.22658920288085938,
            0.2669350802898407,
            0.2882981300354004
        ],
        "scene_min_3d_box": [
            -0.17664119601249695,
            -0.18754251301288605,
            -0.059344615787267685
        ],
        "width": 1600
    },
    "objects": []
}