{
    "camera_data": {
        "cam2world": [
            [
                0.9462060928344727,
                -0.3235645294189453,
                -7.450580596923828e-09,
                0.0
            ],
            [
                0.2800663113594055,
                0.8190033435821533,
                0.5007957220077515,
                0.0
            ],
            [
                -0.16203972697257996,
                -0.47385600209236145,
                0.8655655384063721,
                0.0
            ],
            [
                -0.159547820687294,
                -0.3069238066673279,
                0.7213916182518005,
                1.0
            ]
        ],
        "camera_look_at": {
            "at": [
                -0.024708396436400354,
                0.08738982883833243,
                0.0011215128101892736
            ],
            "eye": [
                -0.1595478191156019,
                -0.3069238024600942,
                0.7213916130947826
            ],
            "up": [
                0,
                0,
                1
            ]
        },
        "camera_view_matrix": [
            [
                0.9462060928344727,
                0.2800663113594055,
                -0.16203972697257996,
                0.0
            ],
            [
                -0.3235645294189453,
                0.8190033435821533,
                -0.47385600209236145,
                0.0
            ],
            [
                -7.450580596923828e-09,
                0.5007957220077515,
                0.8655655384063721,
                0.0
            ],
            [
                0.051655467599630356,
                -0.06521424651145935,
                -0.7957024574279785,
                1.0
            ]
        ],
        "height": 1600,
        "intrinsics": {
            "cx": 800.0,
            "cy": 800.0,
            "fx": 1931.371337890625,
            "fy": 1931.371337890625
        },
        "location_world": [
            -0.159547820687294,
            -0.3069238066673279,
            0.7213916182518005
        ],
        "quaternion_world_xyzw": [
            0.25575244426727295,
            -0.04251985624432564,
            -0.15839509665966034,
            0.9527296423912048
        ],
        "scene_center_3d_box": [
            0.024974003434181213,
            0.03969629108905792,
            0.1144767552614212
        ],
        "scene_max_3d_box": [
            0.22658920288085938,
            0.2669350802898407,
            0.2882981300354004
        ],
        "scene_min_3d_box": [
            -0.17664119601249695,
            -0.18754251301288605,
            -0.059344615787267685
        ],
        "width": 1600
    },
    "objects": []
}