{
    "camera_data": {
        "cam2world": [
            [
                -0.9794801473617554,
                -0.20154070854187012,
                1.4901161193847656e-08,
                0.0
            ],
            [
                0.060184456408023834,
                -0.2924940586090088,
                0.9543715715408325,
                0.0
            ],
            [
                -0.19234471023082733,
                0.9347879886627197,
                0.2986217737197876,
                0.0
            ],
            [
                -0.15109291672706604,
                0.7425286769866943,
                0.25664591789245605,
                1.0
            ]
        ],
        "camera_look_at": {
            "at": [
                -0.009029696247470922,
                0.05210682973992514,
                0.03608779575794293
            ],
            "eye": [
                -0.1510929107435942,
                0.7425286511279892,
                0.2566459164694253
            ],
            "up": [
                0,
                0,
                1
            ]
        },
        "camera_view_matrix": [
            [
                -0.9794801473617554,
                0.060184456408023834,
                -0.19234471023082733,
                0.0
            ],
            [
                -0.20154070854187012,
                -0.2924940586090088,
                0.9347879886627197,
                0.0
            ],
            [
                1.4901161193847656e-08,
                0.9543715715408325,
                0.2986217737197876,
                0.0
            ],
            [
                0.0016572437016293406,
                -0.0186568945646286,
                -0.7998088598251343,
                1.0
            ]
        ],
        "height": 1600,
        "intrinsics": {
            "cx": 800.0,
            "cy": 800.0,
            "fx": 1931.371337890625,
            "fy": 1931.371337890625
        },
        "location_world": [
            -0.15109291672706604,
            0.7425286769866943,
            0.25664591789245605
        ],
        "quaternion_world_xyzw": [
            -0.05998370796442032,
            0.5891443490982056,
            0.8016539216041565,
            -0.08162037283182144
        ],
        "scene_center_3d_box": [
            0.024974003434181213,
            0.03969629108905792,
            0.1144767552614212
        ],
        "scene_max_3d_box": [
            0.22658920288085938,
            0.2669350802898407,
            0.2882981300354004
        ],
        "scene_min_3d_box": [
            -0.17664119601249695,
            -0.18754251301288605,
            -0.059344615787267685
        ],
        "width": 1600
    },
    "objects": []
}