{
    "camera_data": {
        "cam2world": [
            [
                0.5783544778823853,
                0.8157855272293091,
                0.0,
                0.0
            ],
            [
                -0.550010085105896,
                0.389931857585907,
                0.738540530204773,
                0.0
            ],
            [
                0.6024906635284424,
                -0.42713823914527893,
                0.6742091178894043,
                0.0
            ],
            [
                0.5258947610855103,
                -0.2495325803756714,
                0.5488221049308777,
                1.0
            ]
        ],
        "camera_look_at": {
            "at": [
                0.0692174488053228,
                0.07423066147410359,
                0.037783454241247766
            ],
            "eye": [
                0.5258947426027218,
                -0.24953257577530918,
                0.5488220943872102
            ],
            "up": [
                0,
                0,
                1
            ]
        },
        "camera_view_matrix": [
            [
                0.5783544778823853,
                -0.550010085105896,
                0.6024906635284424,
                0.0
            ],
            [
                0.8157855272293091,
                0.389931857585907,
                -0.42713823914527893,
                0.0
            ],
            [
                0.0,
                0.738540530204773,
                0.6742091178894043,
                0.0
            ],
            [
                -0.10058853030204773,
                -0.018779247999191284,
                -0.7934524416923523,
                1.0
            ]
        ],
        "height": 1600,
        "intrinsics": {
            "cx": 800.0,
            "cy": 800.0,
            "fx": 1931.371337890625,
            "fy": 1931.371337890625
        },
        "location_world": [
            0.5258947610855103,
            -0.2495325803756714,
            0.5488221049308777
        ],
        "quaternion_world_xyzw": [
            0.35854342579841614,
            0.18531611561775208,
            0.4200960397720337,
            0.8127877116203308
        ],
        "scene_center_3d_box": [
            0.024974003434181213,
            0.03969629108905792,
            0.1144767552614212
        ],
        "scene_max_3d_box": [
            0.22658920288085938,
            0.2669350802898407,
            0.2882981300354004
        ],
        "scene_min_3d_box": [
            -0.17664119601249695,
            -0.18754251301288605,
            -0.059344615787267685
        ],
        "width": 1600
    },
    "objects": []
}