{
    "camera_data": {
        "cam2world": [
            [
                0.31707513332366943,
                0.9484004378318787,
                5.960464477539063e-08,
                0.0
            ],
            [
                -0.4714050889015198,
                0.15760302543640137,
                0.867720365524292,
                0.0
            ],
            [
                0.822946310043335,
                -0.27513256669044495,
                0.49705278873443604,
                0.0
            ],
            [
                0.6470971703529358,
                -0.20797637104988098,
                0.42198771238327026,
                1.0
            ]
        ],
        "camera_look_at": {
            "at": [
                -0.04958416383362563,
                0.024942482104802405,
                0.001198002582804414
            ],
            "eye": [
                0.6470971777395707,
                -0.20797636619392978,
                0.42198771300743776
            ],
            "up": [
                0,
                0,
                1
            ]
        },
        "camera_view_matrix": [
            [
                0.31707513332366943,
                -0.4714050889015198,
                0.822946310043335,
                0.0
            ],
            [
                0.9484004378318787,
                0.15760302543640137,
                -0.27513256669044495,
                0.0
            ],
            [
                5.960464477539063e-08,
                0.867720365524292,
                0.49705278873443604,
                0.0
            ],
            [
                -0.007933567278087139,
                -0.02834475040435791,
                -0.7994974851608276,
                1.0
            ]
        ],
        "height": 1600,
        "intrinsics": {
            "cx": 800.0,
            "cy": 800.0,
            "fx": 1931.371337890625,
            "fy": 1931.371337890625
        },
        "location_world": [
            0.6470971703529358,
            -0.20797637104988098,
            0.42198771238327026
        ],
        "quaternion_world_xyzw": [
            0.40694573521614075,
            0.29303374886512756,
            0.5055627226829529,
            0.7020916938781738
        ],
        "scene_center_3d_box": [
            0.024974003434181213,
            0.03969629108905792,
            0.1144767552614212
        ],
        "scene_max_3d_box": [
            0.22658920288085938,
            0.2669350802898407,
            0.2882981300354004
        ],
        "scene_min_3d_box": [
            -0.17664119601249695,
            -0.18754251301288605,
            -0.059344615787267685
        ],
        "width": 1600
    },
    "objects": []
}