{
    "camera_data": {
        "cam2world": [
            [
                0.9528983235359192,
                0.3032899498939514,
                0.0,
                0.0
            ],
            [
                -0.24057060480117798,
                0.7558422088623047,
                0.6089568138122559,
                0.0
            ],
            [
                0.1846904754638672,
                -0.5802738666534424,
                0.7932033538818359,
                0.0
            ],
            [
                0.23291075229644775,
                -0.38986119627952576,
                0.6586143970489502,
                1.0
            ]
        ],
        "camera_look_at": {
            "at": [
                0.09168527749015801,
                0.05385125651848152,
                0.05208328111746871
            ],
            "eye": [
                0.23291075087659793,
                -0.38986118634421274,
                0.658614377350108
            ],
            "up": [
                0,
                0,
                1
            ]
        },
        "camera_view_matrix": [
            [
                0.9528983235359192,
                -0.24057060480117798,
                0.1846904754638672,
                0.0
            ],
            [
                0.3032899498939514,
                0.7558422088623047,
                -0.5802738666534424,
                0.0
            ],
            [
                0.0,
                0.6089568138122559,
                0.7932033538818359,
                0.0
            ],
            [
                -0.10369928181171417,
                -0.05036270618438721,
                -0.7916578054428101,
                1.0
            ]
        ],
        "height": 1600,
        "intrinsics": {
            "cx": 800.0,
            "cy": 800.0,
            "fx": 1931.371337890625,
            "fy": 1931.371337890625
        },
        "location_world": [
            0.23291075229644775,
            -0.38986119627952576,
            0.6586143970489502
        ],
        "quaternion_world_xyzw": [
            0.3177470564842224,
            0.04934690520167351,
            0.14531250298023224,
            0.9356740713119507
        ],
        "scene_center_3d_box": [
            0.024974003434181213,
            0.03969629108905792,
            0.1144767552614212
        ],
        "scene_max_3d_box": [
            0.22658920288085938,
            0.2669350802898407,
            0.2882981300354004
        ],
        "scene_min_3d_box": [
            -0.17664119601249695,
            -0.18754251301288605,
            -0.059344615787267685
        ],
        "width": 1600
    },
    "objects": []
}