{
    "camera_data": {
        "cam2world": [
            [
                -0.8776917457580566,
                -0.47922569513320923,
                0.0,
                0.0
            ],
            [
                0.20841091871261597,
                -0.38170015811920166,
                0.9004830718040466,
                0.0
            ],
            [
                -0.43153464794158936,
                0.7903465628623962,
                0.4348909258842468,
                0.0
            ],
            [
                -0.38925114274024963,
                0.5599827766418457,
                0.41821736097335815,
                1.0
            ]
        ],
        "camera_look_at": {
            "at": [
                -0.054618291819149505,
                -0.052890181201333666,
                0.08098191470429938
            ],
            "eye": [
                -0.38925114578931164,
                0.5599827906658437,
                0.4182173729929175
            ],
            "up": [
                0,
                0,
                1
            ]
        },
        "camera_view_matrix": [
            [
                -0.8776917457580566,
                0.20841091871261597,
                -0.43153464794158936,
                0.0
            ],
            [
                -0.47922569513320923,
                -0.38170015811920166,
                0.7903465628623962,
                0.0
            ],
            [
                0.0,
                0.9004830718040466,
                0.4348909258842468,
                0.0
            ],
            [
                -0.07328438758850098,
                -0.08172792196273804,
                -0.7924347519874573,
                1.0
            ]
        ],
        "height": 1600,
        "intrinsics": {
            "cx": 800.0,
            "cy": 800.0,
            "fx": 1931.371337890625,
            "fy": 1931.371337890625
        },
        "location_world": [
            -0.38925114274024963,
            0.5599827766418457,
            0.41821736097335815
        ],
        "quaternion_world_xyzw": [
            -0.1314510554075241,
            0.5150486826896667,
            0.8207135200500488,
            -0.20946304500102997
        ],
        "scene_center_3d_box": [
            0.024974003434181213,
            0.03969629108905792,
            0.1144767552614212
        ],
        "scene_max_3d_box": [
            0.22658920288085938,
            0.2669350802898407,
            0.2882981300354004
        ],
        "scene_min_3d_box": [
            -0.17664119601249695,
            -0.18754251301288605,
            -0.059344615787267685
        ],
        "width": 1600
    },
    "objects": []
}