{
    "camera_data": {
        "cam2world": [
            [
                0.11875247955322266,
                -0.9929239749908447,
                2.9802322387695312e-08,
                0.0
            ],
            [
                0.8529219627380371,
                0.1020084023475647,
                0.5119751691818237,
                0.0
            ],
            [
                -0.5083523988723755,
                -0.06079833209514618,
                0.8590002655982971,
                0.0
            ],
            [
                -0.31307488679885864,
                -0.07687961310148239,
                0.7321880459785461,
                1.0
            ]
        ],
        "camera_look_at": {
            "at": [
                0.0990483520118329,
                -0.02759018887155394,
                0.03579316724939385
            ],
            "eye": [
                -0.3130748805694126,
                -0.07687961342942291,
                0.7321880373672713
            ],
            "up": [
                0,
                0,
                1
            ]
        },
        "camera_view_matrix": [
            [
                0.11875247955322266,
                0.8529219627380371,
                -0.5083523988723755,
                0.0
            ],
            [
                -0.9929239749908447,
                0.1020084023475647,
                -0.06079833209514618,
                0.0
            ],
            [
                2.9802322387695312e-08,
                0.5119751691818237,
                0.8590002655982971,
                0.0
            ],
            [
                -0.039157211780548096,
                -0.09999129176139832,
                -0.7927762269973755,
                1.0
            ]
        ],
        "height": 1600,
        "intrinsics": {
            "cx": 800.0,
            "cy": 800.0,
            "fx": 1931.371337890625,
            "fy": 1931.371337890625
        },
        "location_world": [
            -0.31307488679885864,
            -0.07687961310148239,
            0.7321880459785461
        ],
        "quaternion_world_xyzw": [
            0.19858486950397491,
            -0.17624959349632263,
            -0.6399686336517334,
            0.7210689187049866
        ],
        "scene_center_3d_box": [
            0.024974003434181213,
            0.03969629108905792,
            0.1144767552614212
        ],
        "scene_max_3d_box": [
            0.22658920288085938,
            0.2669350802898407,
            0.2882981300354004
        ],
        "scene_min_3d_box": [
            -0.17664119601249695,
            -0.18754251301288605,
            -0.059344615787267685
        ],
        "width": 1600
    },
    "objects": []
}