{
    "camera_data": {
        "cam2world": [
            [
                0.40025532245635986,
                -0.9164037704467773,
                -1.4901161193847656e-08,
                0.0
            ],
            [
                0.8508542776107788,
                0.3716254234313965,
                0.3714049756526947,
                0.0
            ],
            [
                -0.34035688638687134,
                -0.14865681529045105,
                0.9284709692001343,
                0.0
            ],
            [
                -0.2073925882577896,
                -0.026701539754867554,
                0.7721861004829407,
                1.0
            ]
        ],
        "camera_look_at": {
            "at": [
                0.0451094573040941,
                0.08358316579534228,
                0.08337720510672002
            ],
            "eye": [
                -0.20739258881641565,
                -0.026701539400568564,
                0.7721861231215281
            ],
            "up": [
                0,
                0,
                1
            ]
        },
        "camera_view_matrix": [
            [
                0.40025532245635986,
                0.8508542776107788,
                -0.34035688638687134,
                0.0
            ],
            [
                -0.9164037704467773,
                0.3716254234313965,
                -0.14865681529045105,
                0.0
            ],
            [
                -1.4901161193847656e-08,
                0.3714049756526947,
                0.9284709692001343,
                0.0
            ],
            [
                0.05854060873389244,
                -0.10040992498397827,
                -0.7915092706680298,
                1.0
            ]
        ],
        "height": 1600,
        "intrinsics": {
            "cx": 800.0,
            "cy": 800.0,
            "fx": 1931.371337890625,
            "fy": 1931.371337890625
        },
        "location_world": [
            -0.2073925882577896,
            -0.026701539754867554,
            0.7721861004829407
        ],
        "quaternion_world_xyzw": [
            0.1582394540309906,
            -0.10356054455041885,
            -0.5377244353294373,
            0.8216373920440674
        ],
        "scene_center_3d_box": [
            0.024974003434181213,
            0.03969629108905792,
            0.1144767552614212
        ],
        "scene_max_3d_box": [
            0.22658920288085938,
            0.2669350802898407,
            0.2882981300354004
        ],
        "scene_min_3d_box": [
            -0.17664119601249695,
            -0.18754251301288605,
            -0.059344615787267685
        ],
        "width": 1600
    },
    "objects": []
}