{
    "camera_data": {
        "cam2world": [
            [
                0.9805541038513184,
                -0.19624899327754974,
                7.450580596923828e-09,
                0.0
            ],
            [
                0.16458185017108917,
                0.8223298788070679,
                0.5446892976760864,
                0.0
            ],
            [
                -0.10689473152160645,
                -0.5340973138809204,
                0.8386379480361938,
                0.0
            ],
            [
                0.018517298623919487,
                -0.40237390995025635,
                0.6912423968315125,
                1.0
            ]
        ],
        "camera_look_at": {
            "at": [
                0.0991903980625827,
                0.0007075495485752842,
                0.05832513288988422
            ],
            "eye": [
                0.018517299177453594,
                -0.40237390095589576,
                0.691242393936544
            ],
            "up": [
                0,
                0,
                1
            ]
        },
        "camera_view_matrix": [
            [
                0.9805541038513184,
                0.1645818054676056,
                -0.10689470171928406,
                0.0
            ],
            [
                -0.19624894857406616,
                0.8223298788070679,
                -0.5340971946716309,
                0.0
            ],
            [
                3.725290298461914e-09,
                0.5446891784667969,
                0.8386379480361938,
                0.0
            ],
            [
                -0.0971226692199707,
                -0.0486757755279541,
                -0.7926294803619385,
                1.0
            ]
        ],
        "height": 1600,
        "intrinsics": {
            "cx": 800.0,
            "cy": 800.0,
            "fx": 1931.371337890625,
            "fy": 1931.371337890625
        },
        "location_world": [
            0.018517298623919487,
            -0.40237390995025635,
            0.6912423968315125
        ],
        "quaternion_world_xyzw": [
            0.2826598286628723,
            -0.028008177876472473,
            -0.09454361349344254,
            0.9541386365890503
        ],
        "scene_center_3d_box": [
            0.024974003434181213,
            0.03969629108905792,
            0.1144767552614212
        ],
        "scene_max_3d_box": [
            0.22658920288085938,
            0.2669350802898407,
            0.2882981300354004
        ],
        "scene_min_3d_box": [
            -0.17664119601249695,
            -0.18754251301288605,
            -0.059344615787267685
        ],
        "width": 1600
    },
    "objects": []
}