{
    "camera_data": {
        "cam2world": [
            [
                0.9915562868118286,
                -0.12967711687088013,
                -1.862645149230957e-09,
                0.0
            ],
            [
                0.12035154551267624,
                0.9202496409416199,
                0.3723655343055725,
                0.0
            ],
            [
                -0.0482872799038887,
                -0.36922138929367065,
                0.9280861616134644,
                0.0
            ],
            [
                -0.06098669767379761,
                -0.2709465026855469,
                0.7502601146697998,
                1.0
            ]
        ],
        "camera_look_at": {
            "at": [
                -0.024799994949665297,
                0.005749640668929315,
                0.05474802072592714
            ],
            "eye": [
                -0.06098669646752484,
                -0.2709465132572705,
                0.7502601428164271
            ],
            "up": [
                0,
                0,
                1
            ]
        },
        "camera_view_matrix": [
            [
                0.9915562868118286,
                0.12035148590803146,
                -0.04828725755214691,
                0.0
            ],
            [
                -0.12967705726623535,
                0.9202497005462646,
                -0.36922121047973633,
                0.0
            ],
            [
                -1.862645149230957e-09,
                0.3723653554916382,
                0.9280862212181091,
                0.0
            ],
            [
                0.02533620037138462,
                -0.022692590951919556,
                -0.799290120601654,
                1.0
            ]
        ],
        "height": 1600,
        "intrinsics": {
            "cx": 800.0,
            "cy": 800.0,
            "fx": 1931.371337890625,
            "fy": 1931.371337890625
        },
        "location_world": [
            -0.06098669767379761,
            -0.2709465026855469,
            0.7502601146697998
        ],
        "quaternion_world_xyzw": [
            0.18922238051891327,
            -0.012320921756327152,
            -0.0637970045208931,
            0.979782223701477
        ],
        "scene_center_3d_box": [
            0.024974003434181213,
            0.03969629108905792,
            0.1144767552614212
        ],
        "scene_max_3d_box": [
            0.22658920288085938,
            0.2669350802898407,
            0.2882981300354004
        ],
        "scene_min_3d_box": [
            -0.17664119601249695,
            -0.18754251301288605,
            -0.059344615787267685
        ],
        "width": 1600
    },
    "objects": []
}