{
    "camera_data": {
        "cam2world": [
            [
                0.8429566025733948,
                0.5379816293716431,
                -2.9802322387695312e-08,
                0.0
            ],
            [
                -0.1732214391231537,
                0.27141839265823364,
                0.9467453360557556,
                0.0
            ],
            [
                0.509331464767456,
                -0.7980652451515198,
                0.32198381423950195,
                0.0
            ],
            [
                0.44252458214759827,
                -0.57264244556427,
                0.34101974964141846,
                1.0
            ]
        ],
        "camera_look_at": {
            "at": [
                0.049561831868038836,
                0.04308602887579305,
                0.09260061414786837
            ],
            "eye": [
                0.4425245956981456,
                -0.5726424550758022,
                0.3410197547150565
            ],
            "up": [
                0,
                0,
                1
            ]
        },
        "camera_view_matrix": [
            [
                0.8429566621780396,
                -0.17322134971618652,
                0.509331226348877,
                0.0
            ],
            [
                0.537981390953064,
                0.2714187502861023,
                -0.7980648875236511,
                0.0
            ],
            [
                -2.9802322387695312e-08,
                0.9467448592185974,
                0.3219841718673706,
                0.0
            ],
            [
                -0.06495805829763412,
                -0.09077809751033783,
                -0.7922003865242004,
                1.0
            ]
        ],
        "height": 1600,
        "intrinsics": {
            "cx": 800.0,
            "cy": 800.0,
            "fx": 1931.371337890625,
            "fy": 1931.371337890625
        },
        "location_world": [
            0.44252458214759827,
            -0.57264244556427,
            0.34101974964141846
        ],
        "quaternion_world_xyzw": [
            0.5589173436164856,
            0.16315481066703796,
            0.22782057523727417,
            0.7804421186447144
        ],
        "scene_center_3d_box": [
            0.024974003434181213,
            0.03969629108905792,
            0.1144767552614212
        ],
        "scene_max_3d_box": [
            0.22658920288085938,
            0.2669350802898407,
            0.2882981300354004
        ],
        "scene_min_3d_box": [
            -0.17664119601249695,
            -0.18754251301288605,
            -0.059344615787267685
        ],
        "width": 1600
    },
    "objects": []
}