{
    "camera_data": {
        "cam2world": [
            [
                0.7596756815910339,
                0.6503021717071533,
                -2.9802322387695312e-08,
                0.0
            ],
            [
                0.008152633905410767,
                -0.009523868560791016,
                0.9999215006828308,
                0.0
            ],
            [
                0.650251030921936,
                -0.7596160769462585,
                -0.012536764144897461,
                0.0
            ],
            [
                0.49431735277175903,
                -0.6233713030815125,
                0.08412590622901917,
                1.0
            ]
        ],
        "camera_look_at": {
            "at": [
                -0.044356763075942565,
                0.00590180327268712,
                0.09451141472329888
            ],
            "eye": [
                0.49431735544930544,
                -0.6233712796001086,
                0.08412590386339894
            ],
            "up": [
                0,
                0,
                1
            ]
        },
        "camera_view_matrix": [
            [
                0.7596756815910339,
                0.008152633905410767,
                0.650251030921936,
                0.0
            ],
            [
                0.6503021717071533,
                -0.009523868560791016,
                -0.7596160769462585,
                0.0
            ],
            [
                -2.9802322387695312e-08,
                0.9999215006828308,
                -0.012536764144897461,
                0.0
            ],
            [
                0.029858829453587532,
                -0.09408619999885559,
                -0.7938985824584961,
                1.0
            ]
        ],
        "height": 1600,
        "intrinsics": {
            "cx": 800.0,
            "cy": 800.0,
            "fx": 1931.371337890625,
            "fy": 1931.371337890625
        },
        "location_world": [
            0.49431735277175903,
            -0.6233713030815125,
            0.08412590622901917
        ],
        "quaternion_world_xyzw": [
            0.6674084663391113,
            0.24664609134197235,
            0.24357309937477112,
            0.6590932011604309
        ],
        "scene_center_3d_box": [
            0.024974003434181213,
            0.03969629108905792,
            0.1144767552614212
        ],
        "scene_max_3d_box": [
            0.22658920288085938,
            0.2669350802898407,
            0.2882981300354004
        ],
        "scene_min_3d_box": [
            -0.17664119601249695,
            -0.18754251301288605,
            -0.059344615787267685
        ],
        "width": 1600
    },
    "objects": []
}