{
    "camera_data": {
        "cam2world": [
            [
                0.3094555139541626,
                -0.9509139060974121,
                -2.9802322387695312e-08,
                0.0
            ],
            [
                0.36643722653388977,
                0.11924952268600464,
                0.92276930809021,
                0.0
            ],
            [
                -0.8774741888046265,
                -0.28555604815483093,
                0.3853527307510376,
                0.0
            ],
            [
                -0.6705306172370911,
                -0.2324373871088028,
                0.36933669447898865,
                1.0
            ]
        ],
        "camera_look_at": {
            "at": [
                -0.050523874516648526,
                -0.03066881016442176,
                0.09705372129215858
            ],
            "eye": [
                -0.6705306015831507,
                -0.23243738096063354,
                0.369336700368635
            ],
            "up": [
                0,
                0,
                1
            ]
        },
        "camera_view_matrix": [
            [
                0.3094555139541626,
                0.36643722653388977,
                -0.8774741888046265,
                0.0
            ],
            [
                -0.9509139060974121,
                0.11924952268600464,
                -0.28555604815483093,
                0.0
            ],
            [
                -2.9802322387695312e-08,
                0.92276930809021,
                0.3853527307510376,
                0.0
            ],
            [
                -0.013528529554605484,
                -0.06738713383674622,
                -0.7970721125602722,
                1.0
            ]
        ],
        "height": 1600,
        "intrinsics": {
            "cx": 800.0,
            "cy": 800.0,
            "fx": 1931.371337890625,
            "fy": 1931.371337890625
        },
        "location_world": [
            -0.6705306172370911,
            -0.2324373871088028,
            0.36933669447898865
        ],
        "quaternion_world_xyzw": [
            0.44856807589530945,
            -0.3257457911968231,
            -0.48904183506965637,
            0.6734347939491272
        ],
        "scene_center_3d_box": [
            0.024974003434181213,
            0.03969629108905792,
            0.1144767552614212
        ],
        "scene_max_3d_box": [
            0.22658920288085938,
            0.2669350802898407,
            0.2882981300354004
        ],
        "scene_min_3d_box": [
            -0.17664119601249695,
            -0.18754251301288605,
            -0.059344615787267685
        ],
        "width": 1600
    },
    "objects": []
}