{
    "camera_data": {
        "cam2world": [
            [
                -0.925544261932373,
                0.3786400556564331,
                4.470348358154297e-08,
                0.0
            ],
            [
                -0.08375464379787445,
                -0.20472931861877441,
                0.9752289056777954,
                0.0
            ],
            [
                0.3692607283592224,
                0.902617335319519,
                0.22119855880737305,
                0.0
            ],
            [
                0.2689378559589386,
                0.713205099105835,
                0.24290946125984192,
                1.0
            ]
        ],
        "camera_look_at": {
            "at": [
                -0.05036122014780442,
                -0.06728645884331094,
                0.05163946870982988
            ],
            "eye": [
                0.2689378558737103,
                0.7132051220130982,
                0.24290946048605014
            ],
            "up": [
                0,
                0,
                1
            ]
        },
        "camera_view_matrix": [
            [
                -0.9255437850952148,
                -0.08375461399555206,
                0.36926060914993286,
                0.0
            ],
            [
                0.37863999605178833,
                -0.20472896099090576,
                0.9026170969009399,
                0.0
            ],
            [
                2.9802322387695312e-08,
                0.9752286672592163,
                0.22119873762130737,
                0.0
            ],
            [
                -0.021134205162525177,
                -0.06835374236106873,
                -0.7967905402183533,
                1.0
            ]
        ],
        "height": 1600,
        "intrinsics": {
            "cx": 800.0,
            "cy": 800.0,
            "fx": 1931.371337890625,
            "fy": 1931.371337890625
        },
        "location_world": [
            0.2689378559589386,
            0.713205099105835,
            0.24290946125984192
        ],
        "quaternion_world_xyzw": [
            0.12040186673402786,
            0.6122941374778748,
            0.7667255401611328,
            0.15076930820941925
        ],
        "scene_center_3d_box": [
            0.024974003434181213,
            0.03969629108905792,
            0.1144767552614212
        ],
        "scene_max_3d_box": [
            0.22658920288085938,
            0.2669350802898407,
            0.2882981300354004
        ],
        "scene_min_3d_box": [
            -0.17664119601249695,
            -0.18754251301288605,
            -0.059344615787267685
        ],
        "width": 1600
    },
    "objects": []
}