{
    "camera_data": {
        "cam2world": [
            [
                0.314983069896698,
                -0.9490973949432373,
                -2.9802322387695312e-08,
                0.0
            ],
            [
                0.4071151912212372,
                0.13511180877685547,
                0.9033284783363342,
                0.0
            ],
            [
                -0.8573465347290039,
                -0.2845333218574524,
                0.4289497137069702,
                0.0
            ],
            [
                -0.7211861610412598,
                -0.12359628826379776,
                0.3235395550727844,
                1.0
            ]
        ],
        "camera_look_at": {
            "at": [
                -0.08377844260898477,
                0.08794444737124593,
                0.004629986011762322
            ],
            "eye": [
                -0.7211861421005251,
                -0.12359628475473379,
                0.32353956055895783
            ],
            "up": [
                0,
                0,
                1
            ]
        },
        "camera_view_matrix": [
            [
                0.3149832487106323,
                0.4071151316165924,
                -0.8573464155197144,
                0.0
            ],
            [
                -0.9490972757339478,
                0.13511204719543457,
                -0.2845332622528076,
                0.0
            ],
            [
                -2.9802322387695312e-08,
                0.9033282995223999,
                0.42894983291625977,
                0.0
            ],
            [
                0.10985666513442993,
                0.018042713403701782,
                -0.7922558784484863,
                1.0
            ]
        ],
        "height": 1600,
        "intrinsics": {
            "cx": 800.0,
            "cy": 800.0,
            "fx": 1931.371337890625,
            "fy": 1931.371337890625
        },
        "location_world": [
            -0.7211861610412598,
            -0.12359628826379776,
            0.3235395550727844
        ],
        "quaternion_world_xyzw": [
            0.4332786500453949,
            -0.31272152066230774,
            -0.49468547105789185,
            0.685391366481781
        ],
        "scene_center_3d_box": [
            0.024974003434181213,
            0.03969629108905792,
            0.1144767552614212
        ],
        "scene_max_3d_box": [
            0.22658920288085938,
            0.2669350802898407,
            0.2882981300354004
        ],
        "scene_min_3d_box": [
            -0.17664119601249695,
            -0.18754251301288605,
            -0.059344615787267685
        ],
        "width": 1600
    },
    "objects": []
}