{
    "camera_data": {
        "cam2world": [
            [
                -0.8854286670684814,
                0.464775413274765,
                1.4901161193847656e-08,
                0.0
            ],
            [
                -0.060329169034957886,
                -0.11493122577667236,
                0.9915398359298706,
                0.0
            ],
            [
                0.4608433246612549,
                0.8779377937316895,
                0.12980276346206665,
                0.0
            ],
            [
                0.3811555802822113,
                0.6740193963050842,
                0.2010401040315628,
                1.0
            ]
        ],
        "camera_look_at": {
            "at": [
                -0.015903986895173833,
                -0.08240591187232138,
                0.08920281996564658
            ],
            "eye": [
                0.3811555889203785,
                0.6740194093175428,
                0.20104010875845246
            ],
            "up": [
                0,
                0,
                1
            ]
        },
        "camera_view_matrix": [
            [
                -0.8854286670684814,
                -0.060329169034957886,
                0.4608433246612549,
                0.0
            ],
            [
                0.464775413274765,
                -0.11493122577667236,
                0.8779377937316895,
                0.0
            ],
            [
                1.4901161193847656e-08,
                0.9915398359298706,
                0.12980276346206665,
                0.0
            ],
            [
                0.02421843633055687,
                -0.09887859225273132,
                -0.7934957146644592,
                1.0
            ]
        ],
        "height": 1600,
        "intrinsics": {
            "cx": 800.0,
            "cy": 800.0,
            "fx": 1931.371337890625,
            "fy": 1931.371337890625
        },
        "location_world": [
            0.3811555802822113,
            0.6740193963050842,
            0.2010401040315628
        ],
        "quaternion_world_xyzw": [
            0.15787629783153534,
            0.6404480338096619,
            0.729753851890564,
            0.17989099025726318
        ],
        "scene_center_3d_box": [
            0.024974003434181213,
            0.03969629108905792,
            0.1144767552614212
        ],
        "scene_max_3d_box": [
            0.22658920288085938,
            0.2669350802898407,
            0.2882981300354004
        ],
        "scene_min_3d_box": [
            -0.17664119601249695,
            -0.18754251301288605,
            -0.059344615787267685
        ],
        "width": 1600
    },
    "objects": []
}