{
    "camera_data": {
        "cam2world": [
            [
                0.9207815527915955,
                0.39007866382598877,
                1.4901161193847656e-08,
                0.0
            ],
            [
                -0.24594445526599884,
                0.5805524587631226,
                0.7761895060539246,
                0.0
            ],
            [
                0.30277496576309204,
                -0.7147009968757629,
                0.6304996013641357,
                0.0
            ],
            [
                0.26121246814727783,
                -0.555060088634491,
                0.5135373473167419,
                1.0
            ]
        ],
        "camera_look_at": {
            "at": [
                0.019266962811294072,
                0.016052830285582548,
                0.009709144429874063
            ],
            "eye": [
                0.26121247168101064,
                -0.5550600894878722,
                0.5135373401364033
            ],
            "up": [
                0,
                0,
                1
            ]
        },
        "camera_view_matrix": [
            [
                0.9207815527915955,
                -0.24594445526599884,
                0.30277496576309204,
                0.0
            ],
            [
                0.39007866382598877,
                0.5805524587631226,
                -0.7147009968757629,
                0.0
            ],
            [
                1.4901161193847656e-08,
                0.7761895060539246,
                0.6304996013641357,
                0.0
            ],
            [
                -0.024002544581890106,
                -0.012117058038711548,
                -0.799575686454773,
                1.0
            ]
        ],
        "height": 1600,
        "intrinsics": {
            "cx": 800.0,
            "cy": 800.0,
            "fx": 1931.371337890625,
            "fy": 1931.371337890625
        },
        "location_world": [
            0.26121246814727783,
            -0.555060088634491,
            0.5135373473167419
        ],
        "quaternion_world_xyzw": [
            0.42122721672058105,
            0.08554420620203018,
            0.1796981245279312,
            0.8848493695259094
        ],
        "scene_center_3d_box": [
            0.024974003434181213,
            0.03969629108905792,
            0.1144767552614212
        ],
        "scene_max_3d_box": [
            0.22658920288085938,
            0.2669350802898407,
            0.2882981300354004
        ],
        "scene_min_3d_box": [
            -0.17664119601249695,
            -0.18754251301288605,
            -0.059344615787267685
        ],
        "width": 1600
    },
    "objects": []
}