{
    "camera_data": {
        "cam2world": [
            [
                -0.9696396589279175,
                -0.24453797936439514,
                2.9802322387695312e-08,
                0.0
            ],
            [
                0.03680600970983505,
                -0.14594268798828125,
                0.9886081218719482,
                0.0
            ],
            [
                -0.2417522370815277,
                0.9585937261581421,
                0.15051233768463135,
                0.0
            ],
            [
                -0.20165090262889862,
                0.7513032555580139,
                0.18690721690654755,
                1.0
            ]
        ],
        "camera_look_at": {
            "at": [
                -0.02141834897517496,
                0.03664680637864176,
                0.07469635307768886
            ],
            "eye": [
                -0.20165090369337088,
                0.7513032267983561,
                0.1869072102414193
            ],
            "up": [
                0,
                0,
                1
            ]
        },
        "camera_view_matrix": [
            [
                -0.9696396589279175,
                0.03680600970983505,
                -0.2417522370815277,
                0.0
            ],
            [
                -0.24453797936439514,
                -0.14594268798828125,
                0.9585937261581421,
                0.0
            ],
            [
                2.9802322387695312e-08,
                0.9886081218719482,
                0.15051233768463135,
                0.0
            ],
            [
                -0.011806538328528404,
                -0.0677088126540184,
                -0.7970759868621826,
                1.0
            ]
        ],
        "height": 1600,
        "intrinsics": {
            "cx": 800.0,
            "cy": 800.0,
            "fx": 1931.371337890625,
            "fy": 1931.371337890625
        },
        "location_world": [
            -0.20165090262889862,
            0.7513032555580139,
            0.18690721690654755
        ],
        "quaternion_world_xyzw": [
            -0.08029738813638687,
            0.6467581987380981,
            0.7526776790618896,
            -0.09344770014286041
        ],
        "scene_center_3d_box": [
            0.024974003434181213,
            0.03969629108905792,
            0.1144767552614212
        ],
        "scene_max_3d_box": [
            0.22658920288085938,
            0.2669350802898407,
            0.2882981300354004
        ],
        "scene_min_3d_box": [
            -0.17664119601249695,
            -0.18754251301288605,
            -0.059344615787267685
        ],
        "width": 1600
    },
    "objects": []
}