{
    "camera_data": {
        "cam2world": [
            [
                -0.34498608112335205,
                -0.9386081099510193,
                0.0,
                0.0
            ],
            [
                0.7521938681602478,
                -0.27646946907043457,
                0.5981383919715881,
                0.0
            ],
            [
                -0.5614174008369446,
                0.20634925365447998,
                0.8013929128646851,
                0.0
            ],
            [
                -0.4391070604324341,
                0.2193177193403244,
                0.6317398548126221,
                1.0
            ]
        ],
        "camera_look_at": {
            "at": [
                -0.015720635376438974,
                0.06370184036171417,
                0.027378564986380707
            ],
            "eye": [
                -0.43910707366368024,
                0.2193177199932997,
                0.6317398640318498
            ],
            "up": [
                0,
                0,
                1
            ]
        },
        "camera_view_matrix": [
            [
                -0.3449854850769043,
                0.7521935105323792,
                -0.5614171624183655,
                0.0
            ],
            [
                -0.9386076331138611,
                -0.2764688730239868,
                0.20634913444519043,
                0.0
            ],
            [
                0.0,
                0.5981380939483643,
                0.8013929724693298,
                0.0
            ],
            [
                0.05436772108078003,
                0.013060331344604492,
                -0.7980501651763916,
                1.0
            ]
        ],
        "height": 1600,
        "intrinsics": {
            "cx": 800.0,
            "cy": 800.0,
            "fx": 1931.371337890625,
            "fy": 1931.371337890625
        },
        "location_world": [
            -0.4391070604324341,
            0.2193177193403244,
            0.6317398548126221
        ],
        "quaternion_world_xyzw": [
            -0.18034029006958008,
            0.25842007994651794,
            0.7782750725746155,
            -0.543124794960022
        ],
        "scene_center_3d_box": [
            0.024974003434181213,
            0.03969629108905792,
            0.1144767552614212
        ],
        "scene_max_3d_box": [
            0.22658920288085938,
            0.2669350802898407,
            0.2882981300354004
        ],
        "scene_min_3d_box": [
            -0.17664119601249695,
            -0.18754251301288605,
            -0.059344615787267685
        ],
        "width": 1600
    },
    "objects": []
}