{
    "camera_data": {
        "cam2world": [
            [
                -0.36291325092315674,
                0.931823194026947,
                2.9802322387695312e-08,
                0.0
            ],
            [
                -0.4658359885215759,
                -0.1814272403717041,
                0.866072416305542,
                0.0
            ],
            [
                0.8070262670516968,
                0.31430888175964355,
                0.49991875886917114,
                0.0
            ],
            [
                0.6138195991516113,
                0.2540609836578369,
                0.44579580426216125,
                1.0
            ]
        ],
        "camera_look_at": {
            "at": [
                -0.01796978329108212,
                0.008000766827824024,
                0.05442871739844451
            ],
            "eye": [
                0.6138195952504774,
                0.25406098042637737,
                0.44579580410349334
            ],
            "up": [
                0,
                0,
                1
            ]
        },
        "camera_view_matrix": [
            [
                -0.362912654876709,
                -0.46583572030067444,
                0.8070258498191833,
                0.0
            ],
            [
                0.9318227767944336,
                -0.1814267635345459,
                0.3143087327480316,
                0.0
            ],
            [
                0.0,
                0.8660719394683838,
                0.49991899728775024,
                0.0
            ],
            [
                -0.013976916670799255,
                -0.05405867099761963,
                -0.7980836629867554,
                1.0
            ]
        ],
        "height": 1600,
        "intrinsics": {
            "cx": 800.0,
            "cy": 800.0,
            "fx": 1931.371337890625,
            "fy": 1931.371337890625
        },
        "location_world": [
            0.6138195991516113,
            0.2540609836578369,
            0.44579580426216125
        ],
        "quaternion_world_xyzw": [
            0.2822212278842926,
            0.4127854108810425,
            0.7148879766464233,
            0.488768607378006
        ],
        "scene_center_3d_box": [
            0.024974003434181213,
            0.03969629108905792,
            0.1144767552614212
        ],
        "scene_max_3d_box": [
            0.22658920288085938,
            0.2669350802898407,
            0.2882981300354004
        ],
        "scene_min_3d_box": [
            -0.17664119601249695,
            -0.18754251301288605,
            -0.059344615787267685
        ],
        "width": 1600
    },
    "objects": []
}