{
    "camera_data": {
        "cam2world": [
            [
                0.5331711173057556,
                -0.8460074067115784,
                0.0,
                0.0
            ],
            [
                0.45286720991134644,
                0.2854061722755432,
                0.8446624279022217,
                0.0
            ],
            [
                -0.7145906686782837,
                -0.4503495991230011,
                0.5352993607521057,
                0.0
            ],
            [
                -0.5775898098945618,
                -0.2925395667552948,
                0.46992912888526917,
                1.0
            ]
        ],
        "camera_look_at": {
            "at": [
                0.035628730421684324,
                0.09392322515265694,
                0.010567611240002573
            ],
            "eye": [
                -0.5775898025512449,
                -0.2925395747368333,
                0.4699291363381565
            ],
            "up": [
                0,
                0,
                1
            ]
        },
        "camera_view_matrix": [
            [
                0.5331711173057556,
                0.45286720991134644,
                -0.7145906686782837,
                0.0
            ],
            [
                -0.8460074067115784,
                0.2854061722755432,
                -0.4503495991230011,
                0.0
            ],
            [
                0.0,
                0.8446624279022217,
                0.5352993607521057,
                0.0
            ],
            [
                0.060463547706604004,
                -0.05186736583709717,
                -0.7960380911827087,
                1.0
            ]
        ],
        "height": 1600,
        "intrinsics": {
            "cx": 800.0,
            "cy": 800.0,
            "fx": 1931.371337890625,
            "fy": 1931.371337890625
        },
        "location_world": [
            -0.5775898098945618,
            -0.2925395667552948,
            0.46992912888526917
        ],
        "quaternion_world_xyzw": [
            0.42203837633132935,
            -0.23288176953792572,
            -0.4232971966266632,
            0.767117440700531
        ],
        "scene_center_3d_box": [
            0.024974003434181213,
            0.03969629108905792,
            0.1144767552614212
        ],
        "scene_max_3d_box": [
            0.22658920288085938,
            0.2669350802898407,
            0.2882981300354004
        ],
        "scene_min_3d_box": [
            -0.17664119601249695,
            -0.18754251301288605,
            -0.059344615787267685
        ],
        "width": 1600
    },
    "objects": []
}