{
    "camera_data": {
        "cam2world": [
            [
                -0.7291164398193359,
                -0.6843898296356201,
                -2.9802322387695312e-08,
                0.0
            ],
            [
                0.1653224527835846,
                -0.17612683773040771,
                0.9703854918479919,
                0.0
            ],
            [
                -0.6641218662261963,
                0.7075238823890686,
                0.24156177043914795,
                0.0
            ],
            [
                -0.5864477157592773,
                0.4879152774810791,
                0.2409900426864624,
                1.0
            ]
        ],
        "camera_look_at": {
            "at": [
                -0.04469808011446883,
                -0.08923898844677335,
                0.04393881634290713
            ],
            "eye": [
                -0.5864477148895259,
                0.48791528016322677,
                0.24099003961528506
            ],
            "up": [
                0,
                0,
                1
            ]
        },
        "camera_view_matrix": [
            [
                -0.7291164398193359,
                0.1653224527835846,
                -0.6641218662261963,
                0.0
            ],
            [
                -0.6843898296356201,
                -0.17612683773040771,
                0.7075238823890686,
                0.0
            ],
            [
                -2.9802322387695312e-08,
                0.9703854918479919,
                0.24156177043914795,
                0.0
            ],
            [
                -0.09366440027952194,
                -0.05096529424190521,
                -0.7928984761238098,
                1.0
            ]
        ],
        "height": 1600,
        "intrinsics": {
            "cx": 800.0,
            "cy": 800.0,
            "fx": 1931.371337890625,
            "fy": 1931.371337890625
        },
        "location_world": [
            -0.5864477157592773,
            0.4879152774810791,
            0.2409900426864624
        ],
        "quaternion_world_xyzw": [
            -0.22663214802742004,
            0.5725879669189453,
            0.7325989603996277,
            -0.2899650037288666
        ],
        "scene_center_3d_box": [
            0.024974003434181213,
            0.03969629108905792,
            0.1144767552614212
        ],
        "scene_max_3d_box": [
            0.22658920288085938,
            0.2669350802898407,
            0.2882981300354004
        ],
        "scene_min_3d_box": [
            -0.17664119601249695,
            -0.18754251301288605,
            -0.059344615787267685
        ],
        "width": 1600
    },
    "objects": []
}