{
    "camera_data": {
        "cam2world": [
            [
                -0.6128768920898438,
                -0.7901784181594849,
                0.0,
                0.0
            ],
            [
                0.15517961978912354,
                -0.12036013603210449,
                0.9805267453193665,
                0.0
            ],
            [
                -0.7747910618782043,
                0.6009421944618225,
                0.19638556241989136,
                0.0
            ],
            [
                -0.6269854307174683,
                0.45297619700431824,
                0.20436663925647736,
                1.0
            ]
        ],
        "camera_look_at": {
            "at": [
                -0.0007020679523590534,
                -0.03278058572953138,
                0.045623265861381185
            ],
            "eye": [
                -0.6269854171203323,
                0.4529761973349297,
                0.2043666375306903
            ],
            "up": [
                0,
                0,
                1
            ]
        },
        "camera_view_matrix": [
            [
                -0.6128768920898438,
                0.15517961978912354,
                -0.7747910618782043,
                0.0
            ],
            [
                -0.7901784181594849,
                -0.12036013603210449,
                0.6009421944618225,
                0.0
            ],
            [
                0.0,
                0.9805267453193665,
                0.19638556241989136,
                0.0
            ],
            [
                -0.026332885026931763,
                -0.04857131838798523,
                -0.7981299161911011,
                1.0
            ]
        ],
        "height": 1600,
        "intrinsics": {
            "cx": 800.0,
            "cy": 800.0,
            "fx": 1931.371337890625,
            "fy": 1931.371337890625
        },
        "location_world": [
            -0.6269854307174683,
            0.45297619700431824,
            0.20436663925647736
        ],
        "quaternion_world_xyzw": [
            -0.27888068556785583,
            0.5692387819290161,
            0.6945542693138123,
            -0.3402750790119171
        ],
        "scene_center_3d_box": [
            0.024974003434181213,
            0.03969629108905792,
            0.1144767552614212
        ],
        "scene_max_3d_box": [
            0.22658920288085938,
            0.2669350802898407,
            0.2882981300354004
        ],
        "scene_min_3d_box": [
            -0.17664119601249695,
            -0.18754251301288605,
            -0.059344615787267685
        ],
        "width": 1600
    },
    "objects": []
}