{
    "camera_data": {
        "cam2world": [
            [
                0.9347869753837585,
                0.3552088141441345,
                3.725290298461914e-09,
                0.0
            ],
            [
                -0.34766483306884766,
                0.9149339199066162,
                0.2050003856420517,
                0.0
            ],
            [
                0.07281792163848877,
                -0.19163168966770172,
                0.9787619113922119,
                0.0
            ],
            [
                0.0787632018327713,
                -0.0776209756731987,
                0.7923390865325928,
                1.0
            ]
        ],
        "camera_look_at": {
            "at": [
                0.0207498469160885,
                0.07505020657634703,
                0.012568440849463803
            ],
            "eye": [
                0.07876319979423006,
                -0.0776209788809707,
                0.7923391005237106
            ],
            "up": [
                0,
                0,
                1
            ]
        },
        "camera_view_matrix": [
            [
                0.9347870349884033,
                -0.34766465425491333,
                0.07281789183616638,
                0.0
            ],
            [
                0.3552086353302002,
                0.9149339199066162,
                -0.19163161516189575,
                0.0
            ],
            [
                3.725290298461914e-09,
                0.20500028133392334,
                0.9787619113922119,
                0.0
            ],
            [
                -0.046055179089307785,
                -0.06402848660945892,
                -0.79612135887146,
                1.0
            ]
        ],
        "height": 1600,
        "intrinsics": {
            "cx": 800.0,
            "cy": 800.0,
            "fx": 1931.371337890625,
            "fy": 1931.371337890625
        },
        "location_world": [
            0.0787632018327713,
            -0.0776209756731987,
            0.7923390865325928
        ],
        "quaternion_world_xyzw": [
            0.10135482996702194,
            0.018607793375849724,
            0.17961138486862183,
            0.9783255457878113
        ],
        "scene_center_3d_box": [
            0.024974003434181213,
            0.03969629108905792,
            0.1144767552614212
        ],
        "scene_max_3d_box": [
            0.22658920288085938,
            0.2669350802898407,
            0.2882981300354004
        ],
        "scene_min_3d_box": [
            -0.17664119601249695,
            -0.18754251301288605,
            -0.059344615787267685
        ],
        "width": 1600
    },
    "objects": []
}