{
    "camera_data": {
        "cam2world": [
            [
                -0.5393309593200684,
                -0.8420940041542053,
                -1.4901161193847656e-08,
                0.0
            ],
            [
                0.7031387686729431,
                -0.45033514499664307,
                0.5502675771713257,
                0.0
            ],
            [
                -0.4633769989013672,
                0.29677626490592957,
                0.8349884152412415,
                0.0
            ],
            [
                -0.45093390345573425,
                0.14502564072608948,
                0.6447234153747559,
                1.0
            ]
        ],
        "camera_look_at": {
            "at": [
                -0.09586982271056366,
                -0.08238007964493047,
                0.004910913937084316
            ],
            "eye": [
                -0.4509339133031823,
                0.14502563951691522,
                0.644723405877294
            ],
            "up": [
                0,
                0,
                1
            ]
        },
        "camera_view_matrix": [
            [
                -0.5393304824829102,
                0.7031385898590088,
                -0.46337687969207764,
                0.0
            ],
            [
                -0.842093825340271,
                -0.45033466815948486,
                0.2967761754989624,
                0.0
            ],
            [
                -1.4901161193847656e-08,
                0.5502673983573914,
                0.8349884748458862,
                0.0
            ],
            [
                -0.12107720226049423,
                0.02760884165763855,
                -0.7903291583061218,
                1.0
            ]
        ],
        "height": 1600,
        "intrinsics": {
            "cx": 800.0,
            "cy": 800.0,
            "fx": 1931.371337890625,
            "fy": 1931.371337890625
        },
        "location_world": [
            -0.45093390345573425,
            0.14502564072608948,
            0.6447234153747559
        ],
        "quaternion_world_xyzw": [
            -0.13785476982593536,
            0.2519957423210144,
            0.8403354287147522,
            -0.4597071409225464
        ],
        "scene_center_3d_box": [
            0.024974003434181213,
            0.03969629108905792,
            0.1144767552614212
        ],
        "scene_max_3d_box": [
            0.22658920288085938,
            0.2669350802898407,
            0.2882981300354004
        ],
        "scene_min_3d_box": [
            -0.17664119601249695,
            -0.18754251301288605,
            -0.059344615787267685
        ],
        "width": 1600
    },
    "objects": []
}