{
    "camera_data": {
        "cam2world": [
            [
                -0.874171257019043,
                -0.48561763763427734,
                1.4901161193847656e-08,
                0.0
            ],
            [
                0.08175063133239746,
                -0.14716112613677979,
                0.9857283234596252,
                0.0
            ],
            [
                -0.4786871075630188,
                0.8616954684257507,
                0.1683436632156372,
                0.0
            ],
            [
                -0.3299122452735901,
                0.6897005438804626,
                0.2355327010154724,
                1.0
            ]
        ],
        "camera_look_at": {
            "at": [
                0.08387754010740722,
                -0.05517184036070282,
                0.09001203691986086
            ],
            "eye": [
                -0.3299122364229954,
                0.6897005155994764,
                0.2355327009202898
            ],
            "up": [
                0,
                0,
                1
            ]
        },
        "camera_view_matrix": [
            [
                -0.874171257019043,
                0.08175063133239746,
                -0.4786871075630188,
                0.0
            ],
            [
                -0.48561763763427734,
                -0.14716112613677979,
                0.8616954684257507,
                0.0
            ],
            [
                1.4901161193847656e-08,
                0.9857283234596252,
                0.1683436632156372,
                0.0
            ],
            [
                0.04653092846274376,
                -0.10370361804962158,
                -0.7918870449066162,
                1.0
            ]
        ],
        "height": 1600,
        "intrinsics": {
            "cx": 800.0,
            "cy": 800.0,
            "fx": 1931.371337890625,
            "fy": 1931.371337890625
        },
        "location_world": [
            -0.3299122452735901,
            0.6897005438804626,
            0.2355327010154724
        ],
        "quaternion_world_xyzw": [
            -0.1617453396320343,
            0.624232828617096,
            0.7398777008056641,
            -0.19171015918254852
        ],
        "scene_center_3d_box": [
            0.024974003434181213,
            0.03969629108905792,
            0.1144767552614212
        ],
        "scene_max_3d_box": [
            0.22658920288085938,
            0.2669350802898407,
            0.2882981300354004
        ],
        "scene_min_3d_box": [
            -0.17664119601249695,
            -0.18754251301288605,
            -0.059344615787267685
        ],
        "width": 1600
    },
    "objects": []
}