{
    "camera_data": {
        "cam2world": [
            [
                0.3544975519180298,
                0.9350571036338806,
                0.0,
                0.0
            ],
            [
                -0.4946841597557068,
                0.1875438690185547,
                0.8485959768295288,
                0.0
            ],
            [
                0.7934855222702026,
                -0.30082523822784424,
                0.529041588306427,
                0.0
            ],
            [
                0.629779040813446,
                -0.2160966396331787,
                0.4435320794582367,
                1.0
            ]
        ],
        "camera_look_at": {
            "at": [
                0.0721794915436251,
                -0.004700182520331914,
                0.07176287269256541
            ],
            "eye": [
                0.6297790483234439,
                -0.21609663692772474,
                0.44353208077216694
            ],
            "up": [
                0,
                0,
                1
            ]
        },
        "camera_view_matrix": [
            [
                0.3544977903366089,
                -0.4946839213371277,
                0.793485164642334,
                0.0
            ],
            [
                0.9350566267967224,
                0.18754422664642334,
                -0.3008251488208771,
                0.0
            ],
            [
                0.0,
                0.8485956192016602,
                0.5290418267250061,
                0.0
            ],
            [
                -0.021192684769630432,
                -0.024310141801834106,
                -0.7993746995925903,
                1.0
            ]
        ],
        "height": 1600,
        "intrinsics": {
            "cx": 800.0,
            "cy": 800.0,
            "fx": 1931.371337890625,
            "fy": 1931.371337890625
        },
        "location_world": [
            0.629779040813446,
            -0.2160966396331787,
            0.4435320794582367
        ],
        "quaternion_world_xyzw": [
            0.3993469774723053,
            0.27568313479423523,
            0.4967394173145294,
            0.7195630073547363
        ],
        "scene_center_3d_box": [
            0.024974003434181213,
            0.03969629108905792,
            0.1144767552614212
        ],
        "scene_max_3d_box": [
            0.22658920288085938,
            0.2669350802898407,
            0.2882981300354004
        ],
        "scene_min_3d_box": [
            -0.17664119601249695,
            -0.18754251301288605,
            -0.059344615787267685
        ],
        "width": 1600
    },
    "objects": []
}