{
    "camera_data": {
        "cam2world": [
            [
                0.809945285320282,
                0.5865054726600647,
                0.0,
                0.0
            ],
            [
                0.03870952129364014,
                -0.053456664085388184,
                0.9978196024894714,
                0.0
            ],
            [
                0.5852266550064087,
                -0.8081793189048767,
                -0.06600034236907959,
                0.0
            ],
            [
                0.5157121419906616,
                -0.6113729476928711,
                0.01670878566801548,
                1.0
            ]
        ],
        "camera_look_at": {
            "at": [
                0.00811666180844324,
                0.08960023041258103,
                0.07395412320286919
            ],
            "eye": [
                0.5157121232154808,
                -0.611372930833616,
                0.01670878645647651
            ],
            "up": [
                0,
                0,
                1
            ]
        },
        "camera_view_matrix": [
            [
                0.809945285320282,
                0.03870952129364014,
                0.5852266550064087,
                0.0
            ],
            [
                0.5865054726600647,
                -0.053456664085388184,
                -0.8081793189048767,
                0.0
            ],
            [
                0.0,
                0.9978196024894714,
                -0.06600034236907959,
                0.0
            ],
            [
                -0.059125036001205444,
                -0.0693172812461853,
                -0.7948046922683716,
                1.0
            ]
        ],
        "height": 1600,
        "intrinsics": {
            "cx": 800.0,
            "cy": 800.0,
            "fx": 1931.371337890625,
            "fy": 1931.371337890625
        },
        "location_world": [
            0.5157121419906616,
            -0.6113729476928711,
            0.01670878566801548
        ],
        "quaternion_world_xyzw": [
            0.6945146322250366,
            0.22505465149879456,
            0.21066030859947205,
            0.6500939130783081
        ],
        "scene_center_3d_box": [
            0.024974003434181213,
            0.03969629108905792,
            0.1144767552614212
        ],
        "scene_max_3d_box": [
            0.22658920288085938,
            0.2669350802898407,
            0.2882981300354004
        ],
        "scene_min_3d_box": [
            -0.17664119601249695,
            -0.18754251301288605,
            -0.059344615787267685
        ],
        "width": 1600
    },
    "objects": []
}