{
    "camera_data": {
        "cam2world": [
            [
                0.9133046865463257,
                -0.40727704763412476,
                0.0,
                0.0
            ],
            [
                0.10917520523071289,
                0.24482154846191406,
                0.9634019136428833,
                0.0
            ],
            [
                -0.3923714756965637,
                -0.8798794746398926,
                0.26806122064590454,
                0.0
            ],
            [
                -0.4023137092590332,
                -0.6541703939437866,
                0.22415567934513092,
                1.0
            ]
        ],
        "camera_look_at": {
            "at": [
                -0.07851058178758835,
                0.07194683588759088,
                0.0029390500439815392
            ],
            "eye": [
                -0.40231369439090214,
                -0.6541704091051262,
                0.22415567834915173
            ],
            "up": [
                0,
                0,
                1
            ]
        },
        "camera_view_matrix": [
            [
                0.9133046865463257,
                0.1091751754283905,
                -0.39237138628959656,
                0.0
            ],
            [
                -0.4072769582271576,
                0.24482178688049316,
                -0.8798792362213135,
                0.0
            ],
            [
                -2.9802322387695312e-08,
                0.9634016752243042,
                0.26806139945983887,
                0.0
            ],
            [
                0.10100648552179337,
                -0.01187412440776825,
                -0.7935348749160767,
                1.0
            ]
        ],
        "height": 1600,
        "intrinsics": {
            "cx": 800.0,
            "cy": 800.0,
            "fx": 1931.371337890625,
            "fy": 1931.371337890625
        },
        "location_world": [
            -0.4023137092590332,
            -0.6541703939437866,
            0.22415567934513092
        ],
        "quaternion_world_xyzw": [
            0.591697096824646,
            -0.12595205008983612,
            -0.16578224301338196,
            0.7788112163543701
        ],
        "scene_center_3d_box": [
            0.024974003434181213,
            0.03969629108905792,
            0.1144767552614212
        ],
        "scene_max_3d_box": [
            0.22658920288085938,
            0.2669350802898407,
            0.2882981300354004
        ],
        "scene_min_3d_box": [
            -0.17664119601249695,
            -0.18754251301288605,
            -0.059344615787267685
        ],
        "width": 1600
    },
    "objects": []
}