{
    "camera_data": {
        "cam2world": [
            [
                0.32645970582962036,
                0.9452111721038818,
                5.960464477539063e-08,
                0.0
            ],
            [
                -0.006485670804977417,
                0.0022399425506591797,
                0.9999765157699585,
                0.0
            ],
            [
                0.9451889395713806,
                -0.3264521062374115,
                0.006861567497253418,
                0.0
            ],
            [
                0.7249858379364014,
                -0.3247813880443573,
                0.09468283504247665,
                1.0
            ]
        ],
        "camera_look_at": {
            "at": [
                0.06181421427895925,
                -0.09573323876246101,
                0.08986850269312657
            ],
            "eye": [
                0.7249858593408123,
                -0.32478137462299267,
                0.09468283677154998
            ],
            "up": [
                0,
                0,
                1
            ]
        },
        "camera_view_matrix": [
            [
                0.3264598846435547,
                -0.006485670804977417,
                0.9451887011528015,
                0.0
            ],
            [
                0.9452109336853027,
                0.002240121364593506,
                -0.32645201683044434,
                0.0
            ],
            [
                5.960464477539063e-08,
                0.9999762773513794,
                0.006861746311187744,
                0.0
            ],
            [
                0.0703081265091896,
                -0.08925102651119232,
                -0.7919236421585083,
                1.0
            ]
        ],
        "height": 1600,
        "intrinsics": {
            "cx": 800.0,
            "cy": 800.0,
            "fx": 1931.371337890625,
            "fy": 1931.371337890625
        },
        "location_world": [
            0.7249858379364014,
            -0.3247813880443573,
            0.09468283504247665
        ],
        "quaternion_world_xyzw": [
            0.5738811492919922,
            0.4089372456073761,
            0.41175293922424316,
            0.5778324604034424
        ],
        "scene_center_3d_box": [
            0.024974003434181213,
            0.03969629108905792,
            0.1144767552614212
        ],
        "scene_max_3d_box": [
            0.22658920288085938,
            0.2669350802898407,
            0.2882981300354004
        ],
        "scene_min_3d_box": [
            -0.17664119601249695,
            -0.18754251301288605,
            -0.059344615787267685
        ],
        "width": 1600
    },
    "objects": []
}