{
    "camera_data": {
        "cam2world": [
            [
                0.8588760495185852,
                -0.5121835470199585,
                -2.9802322387695312e-08,
                0.0
            ],
            [
                0.18812790513038635,
                0.31546980142593384,
                0.9301005601882935,
                0.0
            ],
            [
                -0.4763821065425873,
                -0.798841118812561,
                0.3673053979873657,
                0.0
            ],
            [
                -0.40306028723716736,
                -0.619995653629303,
                0.30519720911979675,
                1.0
            ]
        ],
        "camera_look_at": {
            "at": [
                -0.011845439018225254,
                0.03602921264718639,
                0.003558140232416074
            ],
            "eye": [
                -0.40306028874110034,
                -0.6199956298722292,
                0.30519720441331605
            ],
            "up": [
                0,
                0,
                1
            ]
        },
        "camera_view_matrix": [
            [
                0.85887610912323,
                0.1881277859210968,
                -0.476381778717041,
                0.0
            ],
            [
                -0.5121831893920898,
                0.31547021865844727,
                -0.7988405823707581,
                0.0
            ],
            [
                -4.470348358154297e-08,
                0.9300999045372009,
                0.36730581521987915,
                0.0
            ],
            [
                0.028627527877688408,
                -0.012446880340576172,
                -0.7993890047073364,
                1.0
            ]
        ],
        "height": 1600,
        "intrinsics": {
            "cx": 800.0,
            "cy": 800.0,
            "fx": 1931.371337890625,
            "fy": 1931.371337890625
        },
        "location_world": [
            -0.40306028723716736,
            -0.619995653629303,
            0.30519720911979675
        ],
        "quaternion_world_xyzw": [
            0.5422409176826477,
            -0.14940576255321503,
            -0.21963582932949066,
            0.7971280217170715
        ],
        "scene_center_3d_box": [
            0.024974003434181213,
            0.03969629108905792,
            0.1144767552614212
        ],
        "scene_max_3d_box": [
            0.22658920288085938,
            0.2669350802898407,
            0.2882981300354004
        ],
        "scene_min_3d_box": [
            -0.17664119601249695,
            -0.18754251301288605,
            -0.059344615787267685
        ],
        "width": 1600
    },
    "objects": []
}