{
    "camera_data": {
        "cam2world": [
            [
                -0.9924582242965698,
                -0.12258301675319672,
                7.450580596923828e-09,
                0.0
            ],
            [
                0.0598955899477005,
                -0.48492729663848877,
                0.8725008964538574,
                0.0
            ],
            [
                -0.10695379227399826,
                0.8659207820892334,
                0.4886123538017273,
                0.0
            ],
            [
                -0.01636160910129547,
                0.6828631162643433,
                0.4164387285709381,
                1.0
            ]
        ],
        "camera_look_at": {
            "at": [
                0.07276307359646952,
                -0.038709380527866946,
                0.00927752734224714
            ],
            "eye": [
                -0.016361609551949565,
                0.6828631312532765,
                0.4164387183693298
            ],
            "up": [
                0,
                0,
                1
            ]
        },
        "camera_view_matrix": [
            [
                -0.9924582242965698,
                0.0598955899477005,
                -0.10695379227399826,
                0.0
            ],
            [
                -0.12258301675319672,
                -0.48492729663848877,
                0.8659207820892334,
                0.0
            ],
            [
                7.450580596923828e-09,
                0.8725008964538574,
                0.4886123538017273,
                0.0
            ],
            [
                0.06746920943260193,
                -0.031224191188812256,
                -0.796532392501831,
                1.0
            ]
        ],
        "height": 1600,
        "intrinsics": {
            "cx": 800.0,
            "cy": 800.0,
            "fx": 1931.371337890625,
            "fy": 1931.371337890625
        },
        "location_world": [
            -0.01636160910129547,
            0.6828631162643433,
            0.4164387285709381
        ],
        "quaternion_world_xyzw": [
            -0.03105136752128601,
            0.5047074556350708,
            0.8611036539077759,
            -0.052978117018938065
        ],
        "scene_center_3d_box": [
            0.024974003434181213,
            0.03969629108905792,
            0.1144767552614212
        ],
        "scene_max_3d_box": [
            0.22658920288085938,
            0.2669350802898407,
            0.2882981300354004
        ],
        "scene_min_3d_box": [
            -0.17664119601249695,
            -0.18754251301288605,
            -0.059344615787267685
        ],
        "width": 1600
    },
    "objects": []
}