{
    "camera_data": {
        "cam2world": [
            [
                0.8593888878822327,
                0.5113226175308228,
                -1.4901161193847656e-08,
                0.0
            ],
            [
                -0.23756660521030426,
                0.3992823362350464,
                0.8855145573616028,
                0.0
            ],
            [
                0.4527835249900818,
                -0.7610014081001282,
                0.46461188793182373,
                0.0
            ],
            [
                0.28212040662765503,
                -0.6486183404922485,
                0.37383008003234863,
                1.0
            ]
        ],
        "camera_look_at": {
            "at": [
                -0.045634117166540894,
                -0.09775540469253137,
                0.03751329066377443
            ],
            "eye": [
                0.2821203927007021,
                -0.6486183145176654,
                0.37383006771195737
            ],
            "up": [
                0,
                0,
                1
            ]
        },
        "camera_view_matrix": [
            [
                0.8593889474868774,
                -0.2375665009021759,
                0.4527832865715027,
                0.0
            ],
            [
                0.5113223791122437,
                0.3992825746536255,
                -0.7610010504722595,
                0.0
            ],
            [
                -2.9802322387695312e-08,
                0.8855141997337341,
                0.4646121859550476,
                0.0
            ],
            [
                0.0892019048333168,
                -0.005027502775192261,
                -0.7950246334075928,
                1.0
            ]
        ],
        "height": 1600,
        "intrinsics": {
            "cx": 800.0,
            "cy": 800.0,
            "fx": 1931.371337890625,
            "fy": 1931.371337890625
        },
        "location_world": [
            0.28212040662765503,
            -0.6486183404922485,
            0.37383008003234863
        ],
        "quaternion_world_xyzw": [
            0.49887239933013916,
            0.13718737661838531,
            0.22690345346927643,
            0.8251187801361084
        ],
        "scene_center_3d_box": [
            0.024974003434181213,
            0.03969629108905792,
            0.1144767552614212
        ],
        "scene_max_3d_box": [
            0.22658920288085938,
            0.2669350802898407,
            0.2882981300354004
        ],
        "scene_min_3d_box": [
            -0.17664119601249695,
            -0.18754251301288605,
            -0.059344615787267685
        ],
        "width": 1600
    },
    "objects": []
}