{
    "camera_data": {
        "cam2world": [
            [
                -0.9652988910675049,
                -0.26114770770072937,
                0.0,
                0.0
            ],
            [
                0.08491260558366776,
                -0.31386852264404297,
                0.9456619024276733,
                0.0
            ],
            [
                -0.2469574213027954,
                0.9128463268280029,
                0.3251516819000244,
                0.0
            ],
            [
                -0.1573915332555771,
                0.7273125648498535,
                0.2937479019165039,
                1.0
            ]
        ],
        "camera_look_at": {
            "at": [
                0.013462507166195153,
                0.09577260064093612,
                0.06879629655884666
            ],
            "eye": [
                -0.15739153860589872,
                0.7273125810974413,
                0.29374791007298917
            ],
            "up": [
                0,
                0,
                1
            ]
        },
        "camera_view_matrix": [
            [
                -0.9652988910675049,
                0.08491260558366776,
                -0.2469574213027954,
                0.0
            ],
            [
                -0.26114770770072937,
                -0.31386852264404297,
                0.9128463268280029,
                0.0
            ],
            [
                0.0,
                0.9456619024276733,
                0.3251516819000244,
                0.0
            ],
            [
                0.038006141781806946,
                -0.036141157150268555,
                -0.7983062267303467,
                1.0
            ]
        ],
        "height": 1600,
        "intrinsics": {
            "cx": 800.0,
            "cy": 800.0,
            "fx": 1931.371337890625,
            "fy": 1931.371337890625
        },
        "location_world": [
            -0.1573915332555771,
            0.7273125648498535,
            0.2937479019165039
        ],
        "quaternion_world_xyzw": [
            -0.07651472091674805,
            0.5758208632469177,
            0.8068951368331909,
            -0.10721972584724426
        ],
        "scene_center_3d_box": [
            0.024974003434181213,
            0.03969629108905792,
            0.1144767552614212
        ],
        "scene_max_3d_box": [
            0.22658920288085938,
            0.2669350802898407,
            0.2882981300354004
        ],
        "scene_min_3d_box": [
            -0.17664119601249695,
            -0.18754251301288605,
            -0.059344615787267685
        ],
        "width": 1600
    },
    "objects": []
}