{
    "camera_data": {
        "cam2world": [
            [
                0.9048575162887573,
                0.4257145822048187,
                -1.4901161193847656e-08,
                0.0
            ],
            [
                0.002790212631225586,
                -0.005930662155151367,
                0.9999786615371704,
                0.0
            ],
            [
                0.4257054328918457,
                -0.9048382043838501,
                -0.006554245948791504,
                0.0
            ],
            [
                0.3413986563682556,
                -0.7232246398925781,
                0.021059678867459297,
                1.0
            ]
        ],
        "camera_look_at": {
            "at": [
                0.0312782716149092,
                -0.06406285666892106,
                0.025834368125068986
            ],
            "eye": [
                0.3413986546893572,
                -0.7232246584973185,
                0.021059678610332977
            ],
            "up": [
                0,
                0,
                1
            ]
        },
        "camera_view_matrix": [
            [
                0.9048575162887573,
                0.002790212631225586,
                0.4257053732872009,
                0.0
            ],
            [
                0.42571449279785156,
                -0.005930423736572266,
                -0.9048380255699158,
                0.0
            ],
            [
                -1.4901161193847656e-08,
                0.9999784827232361,
                -0.006554007530212402,
                0.0
            ],
            [
                -0.0010299381101503968,
                -0.026300828903913498,
                -0.7995983958244324,
                1.0
            ]
        ],
        "height": 1600,
        "intrinsics": {
            "cx": 800.0,
            "cy": 800.0,
            "fx": 1931.371337890625,
            "fy": 1931.371337890625
        },
        "location_world": [
            0.3413986563682556,
            -0.7232246398925781,
            0.021059678867459297
        ],
        "quaternion_world_xyzw": [
            0.6923406720161438,
            0.15473046898841858,
            0.15371963381767273,
            0.6878177523612976
        ],
        "scene_center_3d_box": [
            0.024974003434181213,
            0.03969629108905792,
            0.1144767552614212
        ],
        "scene_max_3d_box": [
            0.22658920288085938,
            0.2669350802898407,
            0.2882981300354004
        ],
        "scene_min_3d_box": [
            -0.17664119601249695,
            -0.18754251301288605,
            -0.059344615787267685
        ],
        "width": 1600
    },
    "objects": []
}