{
    "camera_data": {
        "cam2world": [
            [
                0.15898609161376953,
                -0.9872807860374451,
                2.9802322387695312e-08,
                0.0
            ],
            [
                0.3181993365287781,
                0.05124109983444214,
                0.9466379880905151,
                0.0
            ],
            [
                -0.9345974922180176,
                -0.15050223469734192,
                0.3222987651824951,
                0.0
            ],
            [
                -0.7427402138710022,
                -0.032824158668518066,
                0.2953835725784302,
                1.0
            ]
        ],
        "camera_look_at": {
            "at": [
                0.07869711881992328,
                0.09945542493243131,
                0.01210852317863389
            ],
            "eye": [
                -0.742740193796011,
                -0.03282415948941608,
                0.2953835697870765
            ],
            "up": [
                0,
                0,
                1
            ]
        },
        "camera_view_matrix": [
            [
                0.15898609161376953,
                0.3181993365287781,
                -0.9345974922180176,
                0.0
            ],
            [
                -0.9872807860374451,
                0.05124109983444214,
                -0.15050223469734192,
                0.0
            ],
            [
                2.9802322387695312e-08,
                0.9466379880905151,
                0.3222987651824951,
                0.0
            ],
            [
                0.08567868918180466,
                -0.04159991443157196,
                -0.7943049669265747,
                1.0
            ]
        ],
        "height": 1600,
        "intrinsics": {
            "cx": 800.0,
            "cy": 800.0,
            "fx": 1931.371337890625,
            "fy": 1931.371337890625
        },
        "location_world": [
            -0.7427402138710022,
            -0.032824158668518066,
            0.2953835725784302
        ],
        "quaternion_world_xyzw": [
            0.4431270360946655,
            -0.37747722864151,
            -0.5272740125656128,
            0.6189761161804199
        ],
        "scene_center_3d_box": [
            0.024974003434181213,
            0.03969629108905792,
            0.1144767552614212
        ],
        "scene_max_3d_box": [
            0.22658920288085938,
            0.2669350802898407,
            0.2882981300354004
        ],
        "scene_min_3d_box": [
            -0.17664119601249695,
            -0.18754251301288605,
            -0.059344615787267685
        ],
        "width": 1600
    },
    "objects": []
}