{
    "camera_data": {
        "cam2world": [
            [
                -0.6733393669128418,
                -0.7393335103988647,
                0.0,
                0.0
            ],
            [
                0.3335916996002197,
                -0.3038146495819092,
                0.8924198150634766,
                0.0
            ],
            [
                -0.6597959399223328,
                0.6009013652801514,
                0.4512059688568115,
                0.0
            ],
            [
                -0.4929100275039673,
                0.4719220697879791,
                0.4175729751586914,
                1.0
            ]
        ],
        "camera_look_at": {
            "at": [
                -0.011182525134249291,
                0.03319440424667497,
                0.088140300861986
            ],
            "eye": [
                -0.4929100374337326,
                0.4719220838286333,
                0.41757297154218737
            ],
            "up": [
                0,
                0,
                1
            ]
        },
        "camera_view_matrix": [
            [
                -0.6733393669128418,
                0.3335916996002197,
                -0.6597959399223328,
                0.0
            ],
            [
                -0.7393335103988647,
                -0.3038146495819092,
                0.6009013652801514,
                0.0
            ],
            [
                0.0,
                0.8924198150634766,
                0.4512059688568115,
                0.0
            ],
            [
                0.017012059688568115,
                -0.06484284996986389,
                -0.7972100377082825,
                1.0
            ]
        ],
        "height": 1600,
        "intrinsics": {
            "cx": 800.0,
            "cy": 800.0,
            "fx": 1931.371337890625,
            "fy": 1931.371337890625
        },
        "location_world": [
            -0.4929100275039673,
            0.4719220697879791,
            0.4175729751586914
        ],
        "quaternion_world_xyzw": [
            -0.21170109510421753,
            0.47914472222328186,
            0.7791597843170166,
            -0.344257116317749
        ],
        "scene_center_3d_box": [
            0.024974003434181213,
            0.03969629108905792,
            0.1144767552614212
        ],
        "scene_max_3d_box": [
            0.22658920288085938,
            0.2669350802898407,
            0.2882981300354004
        ],
        "scene_min_3d_box": [
            -0.17664119601249695,
            -0.18754251301288605,
            -0.059344615787267685
        ],
        "width": 1600
    },
    "objects": []
}