{
    "camera_data": {
        "cam2world": [
            [
                0.8253670930862427,
                0.5645965337753296,
                2.9802322387695312e-08,
                0.0
            ],
            [
                0.026974916458129883,
                -0.039433956146240234,
                0.9988580942153931,
                0.0
            ],
            [
                0.5639517307281494,
                -0.8244246244430542,
                -0.047777533531188965,
                0.0
            ],
            [
                0.48028358817100525,
                -0.6394391059875488,
                0.021204905584454536,
                1.0
            ]
        ],
        "camera_look_at": {
            "at": [
                -0.010942869792921875,
                0.07867061809583556,
                0.06282101814750972
            ],
            "eye": [
                0.4802835900474829,
                -0.6394391335942841,
                0.021204906071256958
            ],
            "up": [
                0,
                0,
                1
            ]
        },
        "camera_view_matrix": [
            [
                0.8253670930862427,
                0.02697494626045227,
                0.5639516115188599,
                0.0
            ],
            [
                0.56459641456604,
                -0.039433836936950684,
                -0.8244244456291199,
                0.0
            ],
            [
                2.9802322387695312e-08,
                0.9988579154014587,
                -0.04777729511260986,
                0.0
            ],
            [
                -0.03538522124290466,
                -0.059351846575737,
                -0.7970128655433655,
                1.0
            ]
        ],
        "height": 1600,
        "intrinsics": {
            "cx": 800.0,
            "cy": 800.0,
            "fx": 1931.371337890625,
            "fy": 1931.371337890625
        },
        "location_world": [
            0.48028358817100525,
            -0.6394391059875488,
            0.021204905584454536
        ],
        "quaternion_world_xyzw": [
            0.6914800405502319,
            0.21387872099876404,
            0.2038930058479309,
            0.6591957211494446
        ],
        "scene_center_3d_box": [
            0.024974003434181213,
            0.03969629108905792,
            0.1144767552614212
        ],
        "scene_max_3d_box": [
            0.22658920288085938,
            0.2669350802898407,
            0.2882981300354004
        ],
        "scene_min_3d_box": [
            -0.17664119601249695,
            -0.18754251301288605,
            -0.059344615787267685
        ],
        "width": 1600
    },
    "objects": []
}