{
    "camera_data": {
        "cam2world": [
            [
                -0.24113142490386963,
                -0.9704924821853638,
                -5.960464477539063e-08,
                0.0
            ],
            [
                0.22983229160308838,
                -0.05710482597351074,
                0.9715534448623657,
                0.0
            ],
            [
                -0.9428853392601013,
                0.2342720925807953,
                0.23682022094726562,
                0.0
            ],
            [
                -0.7351236343383789,
                0.2331215888261795,
                0.21279621124267578,
                1.0
            ]
        ],
        "camera_look_at": {
            "at": [
                0.07444709131375343,
                0.0319732895377898,
                0.009459984211600615
            ],
            "eye": [
                -0.7351236466414854,
                0.23312158400792865,
                0.2127962039363559
            ],
            "up": [
                0,
                0,
                1
            ]
        },
        "camera_view_matrix": [
            [
                -0.24113142490386963,
                0.22983229160308838,
                -0.9428853392601013,
                0.0
            ],
            [
                -0.9704924821853638,
                -0.05710482597351074,
                0.2342720925807953,
                0.0
            ],
            [
                -5.960464477539063e-08,
                0.9715534448623657,
                0.23682022094726562,
                0.0
            ],
            [
                0.04898134991526604,
                -0.024475380778312683,
                -0.7981456518173218,
                1.0
            ]
        ],
        "height": 1600,
        "intrinsics": {
            "cx": 800.0,
            "cy": 800.0,
            "fx": 1931.371337890625,
            "fy": 1931.371337890625
        },
        "location_world": [
            -0.7351236343383789,
            0.2331215888261795,
            0.21279621124267578
        ],
        "quaternion_world_xyzw": [
            -0.3805105686187744,
            0.4866226315498352,
            0.6194869875907898,
            -0.48440271615982056
        ],
        "scene_center_3d_box": [
            0.024974003434181213,
            0.03969629108905792,
            0.1144767552614212
        ],
        "scene_max_3d_box": [
            0.22658920288085938,
            0.2669350802898407,
            0.2882981300354004
        ],
        "scene_min_3d_box": [
            -0.17664119601249695,
            -0.18754251301288605,
            -0.059344615787267685
        ],
        "width": 1600
    },
    "objects": []
}