{
    "camera_data": {
        "cam2world": [
            [
                -0.7996416091918945,
                -0.6004776954650879,
                -2.9802322387695312e-08,
                0.0
            ],
            [
                -0.03455835580825806,
                0.046020448207855225,
                0.9983425736427307,
                0.0
            ],
            [
                -0.5994824171066284,
                0.7983161807060242,
                -0.05755138397216797,
                0.0
            ],
            [
                -0.40623852610588074,
                0.6875075101852417,
                0.04829050973057747,
                1.0
            ]
        ],
        "camera_look_at": {
            "at": [
                0.07387410063018693,
                0.04815315952049157,
                0.0943821908040029
            ],
            "eye": [
                -0.40623852665812826,
                0.6875075082652572,
                0.04829050857722139
            ],
            "up": [
                0,
                0,
                1
            ]
        },
        "camera_view_matrix": [
            [
                -0.7996416091918945,
                -0.03455835580825806,
                -0.5994824171066284,
                0.0
            ],
            [
                -0.6004776954650879,
                0.046020448207855225,
                0.7983161807060242,
                0.0
            ],
            [
                -2.9802322387695312e-08,
                0.9983425736427307,
                -0.05755138397216797,
                0.0
            ],
            [
                0.08798769116401672,
                -0.09388881176710129,
                -0.7896020412445068,
                1.0
            ]
        ],
        "height": 1600,
        "intrinsics": {
            "cx": 800.0,
            "cy": 800.0,
            "fx": 1931.371337890625,
            "fy": 1931.371337890625
        },
        "location_world": [
            -0.40623852610588074,
            0.6875075101852417,
            0.04829050973057747
        ],
        "quaternion_world_xyzw": [
            -0.23015724122524261,
            0.6897850036621094,
            0.6511662006378174,
            -0.21727147698402405
        ],
        "scene_center_3d_box": [
            0.024974003434181213,
            0.03969629108905792,
            0.1144767552614212
        ],
        "scene_max_3d_box": [
            0.22658920288085938,
            0.2669350802898407,
            0.2882981300354004
        ],
        "scene_min_3d_box": [
            -0.17664119601249695,
            -0.18754251301288605,
            -0.059344615787267685
        ],
        "width": 1600
    },
    "objects": []
}