{
    "camera_data": {
        "cam2world": [
            [
                0.9583607316017151,
                0.2855604290962219,
                0.0,
                0.0
            ],
            [
                -0.08717506378889084,
                0.2925655245780945,
                0.9522636532783508,
                0.0
            ],
            [
                0.2719287872314453,
                -0.9126120209693909,
                0.3052770495414734,
                0.0
            ],
            [
                0.13454605638980865,
                -0.7293984293937683,
                0.29987621307373047,
                1.0
            ]
        ],
        "camera_look_at": {
            "at": [
                -0.09071491087489501,
                0.026593130452072844,
                0.04699000210642093
            ],
            "eye": [
                0.1345460617458045,
                -0.7293984075021245,
                0.29987622443070466
            ],
            "up": [
                0,
                0,
                1
            ]
        },
        "camera_view_matrix": [
            [
                0.9583607316017151,
                -0.08717502653598785,
                0.27192872762680054,
                0.0
            ],
            [
                0.28556036949157715,
                0.2925657033920288,
                -0.9126118421554565,
                0.0
            ],
            [
                0.0,
                0.952263355255127,
                0.3052772283554077,
                0.0
            ],
            [
                0.07934363186359406,
                -0.060435086488723755,
                -0.7937899827957153,
                1.0
            ]
        ],
        "height": 1600,
        "intrinsics": {
            "cx": 800.0,
            "cy": 800.0,
            "fx": 1931.371337890625,
            "fy": 1931.371337890625
        },
        "location_world": [
            0.13454605638980865,
            -0.7293984293937683,
            0.29987621307373047
        ],
        "quaternion_world_xyzw": [
            0.5832062363624573,
            0.08504083007574081,
            0.11656630784273148,
            0.7994065880775452
        ],
        "scene_center_3d_box": [
            0.024974003434181213,
            0.03969629108905792,
            0.1144767552614212
        ],
        "scene_max_3d_box": [
            0.22658920288085938,
            0.2669350802898407,
            0.2882981300354004
        ],
        "scene_min_3d_box": [
            -0.17664119601249695,
            -0.18754251301288605,
            -0.059344615787267685
        ],
        "width": 1600
    },
    "objects": []
}