{
    "camera_data": {
        "cam2world": [
            [
                0.10159480571746826,
                0.9948258399963379,
                0.0,
                0.0
            ],
            [
                -0.6427603960037231,
                0.06564068794250488,
                0.7632498741149902,
                0.0
            ],
            [
                0.7593007683753967,
                -0.0775422751903534,
                0.6461033821105957,
                0.0
            ],
            [
                0.5807705521583557,
                0.03225215524435043,
                0.5492892265319824,
                1.0
            ]
        ],
        "camera_look_at": {
            "at": [
                -0.05173824481631535,
                0.09684600591030462,
                0.011075445505737991
            ],
            "eye": [
                0.5807705566229017,
                0.032252155424466626,
                0.5492892116353253
            ],
            "up": [
                0,
                0,
                1
            ]
        },
        "camera_view_matrix": [
            [
                0.10159480571746826,
                -0.6427603960037231,
                0.7593007683753967,
                0.0
            ],
            [
                0.9948258399963379,
                0.06564068794250488,
                -0.0775422751903534,
                0.0
            ],
            [
                0.0,
                0.7632498741149902,
                0.6461033821105957,
                0.0
            ],
            [
                -0.09108854830265045,
                -0.04806569218635559,
                -0.7933762669563293,
                1.0
            ]
        ],
        "height": 1600,
        "intrinsics": {
            "cx": 800.0,
            "cy": 800.0,
            "fx": 1931.371337890625,
            "fy": 1931.371337890625
        },
        "location_world": [
            0.5807705521583557,
            0.03225215524435043,
            0.5492892265319824
        ],
        "quaternion_world_xyzw": [
            0.31219011545181274,
            0.28193196654319763,
            0.6080435514450073,
            0.6733013987541199
        ],
        "scene_center_3d_box": [
            0.024974003434181213,
            0.03969629108905792,
            0.1144767552614212
        ],
        "scene_max_3d_box": [
            0.22658920288085938,
            0.2669350802898407,
            0.2882981300354004
        ],
        "scene_min_3d_box": [
            -0.17664119601249695,
            -0.18754251301288605,
            -0.059344615787267685
        ],
        "width": 1600
    },
    "objects": []
}