{
    "camera_data": {
        "cam2world": [
            [
                0.992048978805542,
                0.12585225701332092,
                7.450580596923828e-09,
                0.0
            ],
            [
                -0.0025921836495399475,
                0.020433247089385986,
                0.9997878670692444,
                0.0
            ],
            [
                0.12582555413246155,
                -0.9918385148048401,
                0.02059704065322876,
                0.0
            ],
            [
                0.04902402311563492,
                -0.7964736223220825,
                0.05712747573852539,
                1.0
            ]
        ],
        "camera_look_at": {
            "at": [
                -0.04023277226076852,
                -0.09289372691371581,
                0.04251656580839785
            ],
            "eye": [
                0.04902402141711768,
                -0.7964736033755457,
                0.05712747448422606
            ],
            "up": [
                0,
                0,
                1
            ]
        },
        "camera_view_matrix": [
            [
                0.992048978805542,
                -0.0025921836495399475,
                0.12582555413246155,
                0.0
            ],
            [
                0.12585225701332092,
                0.020433247089385986,
                -0.9918385148048401,
                0.0
            ],
            [
                7.450580596923828e-09,
                0.9997878670692444,
                0.02059704065322876,
                0.0
            ],
            [
                0.0516037717461586,
                -0.04071373492479324,
                -0.7973183393478394,
                1.0
            ]
        ],
        "height": 1600,
        "intrinsics": {
            "cx": 800.0,
            "cy": 800.0,
            "fx": 1931.371337890625,
            "fy": 1931.371337890625
        },
        "location_world": [
            0.04902402311563492,
            -0.7964736223220825,
            0.05712747573852539
        ],
        "quaternion_world_xyzw": [
            0.6983943581581116,
            0.04412265866994858,
            0.04504100978374481,
            0.71293044090271
        ],
        "scene_center_3d_box": [
            0.024974003434181213,
            0.03969629108905792,
            0.1144767552614212
        ],
        "scene_max_3d_box": [
            0.22658920288085938,
            0.2669350802898407,
            0.2882981300354004
        ],
        "scene_min_3d_box": [
            -0.17664119601249695,
            -0.18754251301288605,
            -0.059344615787267685
        ],
        "width": 1600
    },
    "objects": []
}