{
    "camera_data": {
        "cam2world": [
            [
                0.816249430179596,
                -0.5776997208595276,
                0.0,
                0.0
            ],
            [
                0.19705361127853394,
                0.27842283248901367,
                0.940027117729187,
                0.0
            ],
            [
                -0.5430532693862915,
                -0.7672966718673706,
                0.34110021591186523,
                0.0
            ],
            [
                -0.4453538656234741,
                -0.6112998723983765,
                0.26069897413253784,
                1.0
            ]
        ],
        "camera_look_at": {
            "at": [
                -0.033337753052629676,
                -0.029149625757199912,
                0.001904999615168479
            ],
            "eye": [
                -0.4453538730316968,
                -0.6112998519951701,
                0.2606989660966469
            ],
            "up": [
                0,
                0,
                1
            ]
        },
        "camera_view_matrix": [
            [
                0.8162495493888855,
                0.1970534324645996,
                -0.5430529117584229,
                0.0
            ],
            [
                -0.5776993036270142,
                0.2784233093261719,
                -0.7672961354255676,
                0.0
            ],
            [
                -2.9802322387695312e-08,
                0.9400264620780945,
                0.34110063314437866,
                0.0
            ],
            [
                0.010372407734394073,
                0.01289471983909607,
                -0.7998233437538147,
                1.0
            ]
        ],
        "height": 1600,
        "intrinsics": {
            "cx": 800.0,
            "cy": 800.0,
            "fx": 1931.371337890625,
            "fy": 1931.371337890625
        },
        "location_world": [
            -0.4453538656234741,
            -0.6112998723983765,
            0.26069897413253784
        ],
        "quaternion_world_xyzw": [
            0.5469749569892883,
            -0.17397785186767578,
            -0.24820755422115326,
            0.7803482413291931
        ],
        "scene_center_3d_box": [
            0.024974003434181213,
            0.03969629108905792,
            0.1144767552614212
        ],
        "scene_max_3d_box": [
            0.22658920288085938,
            0.2669350802898407,
            0.2882981300354004
        ],
        "scene_min_3d_box": [
            -0.17664119601249695,
            -0.18754251301288605,
            -0.059344615787267685
        ],
        "width": 1600
    },
    "objects": []
}