{
    "camera_data": {
        "cam2world": [
            [
                -0.7905175685882568,
                0.6124396324157715,
                0.0,
                0.0
            ],
            [
                -0.19022691249847412,
                -0.24553894996643066,
                0.9505391120910645,
                0.0
            ],
            [
                0.5821477770805359,
                0.7514177560806274,
                0.31060510873794556,
                0.0
            ],
            [
                0.4155230224132538,
                0.6255707740783691,
                0.2756617069244385,
                1.0
            ]
        ],
        "camera_look_at": {
            "at": [
                0.0076753753141628744,
                0.09913413397915416,
                0.05805445143624363
            ],
            "eye": [
                0.4155230302728452,
                0.6255707807135261,
                0.2756617068243162
            ],
            "up": [
                0,
                0,
                1
            ]
        },
        "camera_view_matrix": [
            [
                -0.7905170917510986,
                -0.19022683799266815,
                0.5821475982666016,
                0.0
            ],
            [
                0.6124394536018372,
                -0.24553847312927246,
                0.7514175176620483,
                0.0
            ],
            [
                -2.9802322387695312e-08,
                0.9505388736724854,
                0.3106052279472351,
                0.0
            ],
            [
                -0.05464618653059006,
                -0.02938184142112732,
                -0.7975825071334839,
                1.0
            ]
        ],
        "height": 1600,
        "intrinsics": {
            "cx": 800.0,
            "cy": 800.0,
            "fx": 1931.371337890625,
            "fy": 1931.371337890625
        },
        "location_world": [
            0.4155230224132538,
            0.6255707740783691,
            0.2756617069244385
        ],
        "quaternion_world_xyzw": [
            0.1900106817483902,
            0.5555118322372437,
            0.7659408450126648,
            0.2619871199131012
        ],
        "scene_center_3d_box": [
            0.024974003434181213,
            0.03969629108905792,
            0.1144767552614212
        ],
        "scene_max_3d_box": [
            0.22658920288085938,
            0.2669350802898407,
            0.2882981300354004
        ],
        "scene_min_3d_box": [
            -0.17664119601249695,
            -0.18754251301288605,
            -0.059344615787267685
        ],
        "width": 1600
    },
    "objects": []
}