{
    "camera_data": {
        "cam2world": [
            [
                -0.8449134826660156,
                0.5349032878875732,
                1.4901161193847656e-08,
                0.0
            ],
            [
                -0.2858181297779083,
                -0.45146775245666504,
                0.8452721238136292,
                0.0
            ],
            [
                0.4521387815475464,
                0.7141817212104797,
                0.5343360900878906,
                0.0
            ],
            [
                0.34971192479133606,
                0.5496967434883118,
                0.4643087089061737,
                1.0
            ]
        ],
        "camera_look_at": {
            "at": [
                0.006549310398477434,
                0.007649770658100602,
                0.0587602445400715
            ],
            "eye": [
                0.34971191549681413,
                0.5496967613585811,
                0.4643087010110266
            ],
            "up": [
                0,
                0,
                1
            ]
        },
        "camera_view_matrix": [
            [
                -0.8449127674102783,
                -0.28581804037094116,
                0.4521386921405792,
                0.0
            ],
            [
                0.5349031090736389,
                -0.45146727561950684,
                0.7141814827919006,
                0.0
            ],
            [
                0.0,
                0.84527188539505,
                0.5343362092971802,
                0.0
            ],
            [
                0.00144156813621521,
                -0.044343024492263794,
                -0.7987984418869019,
                1.0
            ]
        ],
        "height": 1600,
        "intrinsics": {
            "cx": 800.0,
            "cy": 800.0,
            "fx": 1931.371337890625,
            "fy": 1931.371337890625
        },
        "location_world": [
            0.34971192479133606,
            0.5496967434883118,
            0.4643087089061737
        ],
        "quaternion_world_xyzw": [
            0.13436728715896606,
            0.46344080567359924,
            0.8412367701530457,
            0.24390320479869843
        ],
        "scene_center_3d_box": [
            0.024974003434181213,
            0.03969629108905792,
            0.1144767552614212
        ],
        "scene_max_3d_box": [
            0.22658920288085938,
            0.2669350802898407,
            0.2882981300354004
        ],
        "scene_min_3d_box": [
            -0.17664119601249695,
            -0.18754251301288605,
            -0.059344615787267685
        ],
        "width": 1600
    },
    "objects": []
}