{
    "camera_data": {
        "cam2world": [
            [
                0.513134777545929,
                0.8583080768585205,
                -5.960464477539063e-08,
                0.0
            ],
            [
                -0.16266533732414246,
                0.0972486138343811,
                0.9818772077560425,
                0.0
            ],
            [
                0.8427531123161316,
                -0.5038353204727173,
                0.18951857089996338,
                0.0
            ],
            [
                0.6674379706382751,
                -0.40873926877975464,
                0.16580182313919067,
                1.0
            ]
        ],
        "camera_look_at": {
            "at": [
                -0.049176005663622124,
                0.019684507171960422,
                0.00464933896131442
            ],
            "eye": [
                0.6674379689857756,
                -0.4087392647264448,
                0.16580182755378736
            ],
            "up": [
                0,
                0,
                1
            ]
        },
        "camera_view_matrix": [
            [
                0.5131348967552185,
                -0.16266530752182007,
                0.8427529335021973,
                0.0
            ],
            [
                0.8583078980445862,
                0.09724879264831543,
                -0.5038353204727173,
                0.0
            ],
            [
                -8.940696716308594e-08,
                0.9818769693374634,
                0.1895187497138977,
                0.0
            ],
            [
                0.008338436484336853,
                -0.01447857916355133,
                -0.7998451590538025,
                1.0
            ]
        ],
        "height": 1600,
        "intrinsics": {
            "cx": 800.0,
            "cy": 800.0,
            "fx": 1931.371337890625,
            "fy": 1931.371337890625
        },
        "location_world": [
            0.6674379706382751,
            -0.40873926877975464,
            0.16580182313919067
        ],
        "quaternion_world_xyzw": [
            0.5537074208259583,
            0.31408408284187317,
            0.38050466775894165,
            0.6708021759986877
        ],
        "scene_center_3d_box": [
            0.024974003434181213,
            0.03969629108905792,
            0.1144767552614212
        ],
        "scene_max_3d_box": [
            0.22658920288085938,
            0.2669350802898407,
            0.2882981300354004
        ],
        "scene_min_3d_box": [
            -0.17664119601249695,
            -0.18754251301288605,
            -0.059344615787267685
        ],
        "width": 1600
    },
    "objects": []
}