{
    "camera_data": {
        "cam2world": [
            [
                0.9658098816871643,
                0.2592514157295227,
                -7.450580596923828e-09,
                0.0
            ],
            [
                -0.13123872876167297,
                0.4889140725135803,
                0.862403392791748,
                0.0
            ],
            [
                0.2235792577266693,
                -0.8329176902770996,
                0.5062218308448792,
                0.0
            ],
            [
                0.12971162796020508,
                -0.6525431275367737,
                0.44424766302108765,
                1.0
            ]
        ],
        "camera_look_at": {
            "at": [
                -0.05811282999506489,
                0.047174324712981275,
                0.018980717118712177
            ],
            "eye": [
                0.12971162948393983,
                -0.6525431302796584,
                0.44424765670988675
            ],
            "up": [
                0,
                0,
                1
            ]
        },
        "camera_view_matrix": [
            [
                0.9658098816871643,
                -0.13123869895935059,
                0.22357921302318573,
                0.0
            ],
            [
                0.25925135612487793,
                0.4889141917228699,
                -0.8329174518585205,
                0.0
            ],
            [
                -1.4901161193847656e-08,
                0.862403154373169,
                0.5062219500541687,
                0.0
            ],
            [
                0.04389592260122299,
                -0.047059834003448486,
                -0.7974032759666443,
                1.0
            ]
        ],
        "height": 1600,
        "intrinsics": {
            "cx": 800.0,
            "cy": 800.0,
            "fx": 1931.371337890625,
            "fy": 1931.371337890625
        },
        "location_world": [
            0.12971162796020508,
            -0.6525431275367737,
            0.44424766302108765
        ],
        "quaternion_world_xyzw": [
            0.49261394143104553,
            0.06496602296829224,
            0.11346575617790222,
            0.8603700399398804
        ],
        "scene_center_3d_box": [
            0.024974003434181213,
            0.03969629108905792,
            0.1144767552614212
        ],
        "scene_max_3d_box": [
            0.22658920288085938,
            0.2669350802898407,
            0.2882981300354004
        ],
        "scene_min_3d_box": [
            -0.17664119601249695,
            -0.18754251301288605,
            -0.059344615787267685
        ],
        "width": 1600
    },
    "objects": []
}