{
    "camera_data": {
        "cam2world": [
            [
                0.28359562158584595,
                0.9589439630508423,
                2.9802322387695312e-08,
                0.0
            ],
            [
                -0.21571481227874756,
                0.06379485130310059,
                0.9743702411651611,
                0.0
            ],
            [
                0.9343664646148682,
                -0.27632713317871094,
                0.22495031356811523,
                0.0
            ],
            [
                0.7287365794181824,
                -0.21568438410758972,
                0.2498694658279419,
                1.0
            ]
        ],
        "camera_look_at": {
            "at": [
                0.06282524001732356,
                -0.018749460813376057,
                0.08955008407500686
            ],
            "eye": [
                0.7287366038218555,
                -0.21568437782554,
                0.24986946080771943
            ],
            "up": [
                0,
                0,
                1
            ]
        },
        "camera_view_matrix": [
            [
                0.28359562158584595,
                -0.21571481227874756,
                0.9343664646148682,
                0.0
            ],
            [
                0.9589439630508423,
                0.06379485130310059,
                -0.27632713317871094,
                0.0
            ],
            [
                2.9802322387695312e-08,
                0.9743702411651611,
                0.22495031356811523,
                0.0
            ],
            [
                0.00016272813081741333,
                -0.07250654697418213,
                -0.7967146635055542,
                1.0
            ]
        ],
        "height": 1600,
        "intrinsics": {
            "cx": 800.0,
            "cy": 800.0,
            "fx": 1931.371337890625,
            "fy": 1931.371337890625
        },
        "location_world": [
            0.7287365794181824,
            -0.21568438410758972,
            0.2498694658279419
        ],
        "quaternion_world_xyzw": [
            0.4987109303474426,
            0.37257513403892517,
            0.4683908224105835,
            0.6269651055335999
        ],
        "scene_center_3d_box": [
            0.024974003434181213,
            0.03969629108905792,
            0.1144767552614212
        ],
        "scene_max_3d_box": [
            0.22658920288085938,
            0.2669350802898407,
            0.2882981300354004
        ],
        "scene_min_3d_box": [
            -0.17664119601249695,
            -0.18754251301288605,
            -0.059344615787267685
        ],
        "width": 1600
    },
    "objects": []
}