{
    "camera_data": {
        "cam2world": [
            [
                -0.17502224445343018,
                0.9845644235610962,
                -2.9802322387695312e-08,
                0.0
            ],
            [
                -0.3601400852203369,
                -0.06402063369750977,
                0.9306988716125488,
                0.0
            ],
            [
                0.9163330793380737,
                0.16289305686950684,
                0.36578625440597534,
                0.0
            ],
            [
                0.713132917881012,
                0.14598339796066284,
                0.3318527936935425,
                1.0
            ]
        ],
        "camera_look_at": {
            "at": [
                -0.008640513154185875,
                0.017676403315568787,
                0.043731799273796015
            ],
            "eye": [
                0.7131329269340901,
                0.14598339493255957,
                0.3318527849234168
            ],
            "up": [
                0,
                0,
                1
            ]
        },
        "camera_view_matrix": [
            [
                -0.17502224445343018,
                -0.3601400852203369,
                0.9163330793380737,
                0.0
            ],
            [
                0.9845644235610962,
                -0.06402063369750977,
                0.16289305686950684,
                0.0
            ],
            [
                -2.9802322387695312e-08,
                0.9306988716125488,
                0.36578625440597534,
                0.0
            ],
            [
                -0.018915927037596703,
                -0.042681336402893066,
                -0.7986341714859009,
                1.0
            ]
        ],
        "height": 1600,
        "intrinsics": {
            "cx": 800.0,
            "cy": 800.0,
            "fx": 1931.371337890625,
            "fy": 1931.371337890625
        },
        "location_world": [
            0.713132917881012,
            0.14598339796066284,
            0.3318527936935425
        ],
        "quaternion_world_xyzw": [
            0.36166703701019287,
            0.4316292703151703,
            0.6334092617034912,
            0.5307407975196838
        ],
        "scene_center_3d_box": [
            0.024974003434181213,
            0.03969629108905792,
            0.1144767552614212
        ],
        "scene_max_3d_box": [
            0.22658920288085938,
            0.2669350802898407,
            0.2882981300354004
        ],
        "scene_min_3d_box": [
            -0.17664119601249695,
            -0.18754251301288605,
            -0.059344615787267685
        ],
        "width": 1600
    },
    "objects": []
}