{
    "camera_data": {
        "cam2world": [
            [
                0.9917470812797546,
                0.12820984423160553,
                1.1175870895385742e-08,
                0.0
            ],
            [
                -0.03851607069373131,
                0.297934889793396,
                0.9538089036941528,
                0.0
            ],
            [
                0.12228767573833466,
                -0.9459371566772461,
                0.30041420459747314,
                0.0
            ],
            [
                0.09373436868190765,
                -0.7439538240432739,
                0.27884969115257263,
                1.0
            ]
        ],
        "camera_look_at": {
            "at": [
                0.004696951752716491,
                -0.05521881411005476,
                0.060118593272303456
            ],
            "eye": [
                0.09373437072502587,
                -0.743953809851938,
                0.27884970476157583
            ],
            "up": [
                0,
                0,
                1
            ]
        },
        "camera_view_matrix": [
            [
                0.9917470812797546,
                -0.03851607069373131,
                0.12228767573833466,
                0.0
            ],
            [
                0.12820984423160553,
                0.297934889793396,
                -0.9459371566772461,
                0.0
            ],
            [
                1.1175870895385742e-08,
                0.9538089036941528,
                0.30041420459747314,
                0.0
            ],
            [
                0.002421413315460086,
                -0.040709227323532104,
                -0.7989665269851685,
                1.0
            ]
        ],
        "height": 1600,
        "intrinsics": {
            "cx": 800.0,
            "cy": 800.0,
            "fx": 1931.371337890625,
            "fy": 1931.371337890625
        },
        "location_world": [
            0.09373436868190765,
            -0.7439538240432739,
            0.27884969115257263
        ],
        "quaternion_world_xyzw": [
            0.5902113914489746,
            0.03799222409725189,
            0.0517982579767704,
            0.8046888113021851
        ],
        "scene_center_3d_box": [
            0.024974003434181213,
            0.03969629108905792,
            0.1144767552614212
        ],
        "scene_max_3d_box": [
            0.22658920288085938,
            0.2669350802898407,
            0.2882981300354004
        ],
        "scene_min_3d_box": [
            -0.17664119601249695,
            -0.18754251301288605,
            -0.059344615787267685
        ],
        "width": 1600
    },
    "objects": []
}