{
    "camera_data": {
        "cam2world": [
            [
                -0.9114116430282593,
                -0.41149580478668213,
                0.0,
                0.0
            ],
            [
                0.28655022382736206,
                -0.6346728801727295,
                0.7176902890205383,
                0.0
            ],
            [
                -0.2953265309333801,
                0.6541113257408142,
                0.6963624358177185,
                0.0
            ],
            [
                -0.2861815392971039,
                0.4439038038253784,
                0.6008864641189575,
                1.0
            ]
        ],
        "camera_look_at": {
            "at": [
                -0.06378259266625866,
                -0.048681992783785426,
                0.07648299372981267
            ],
            "eye": [
                -0.2861815350776928,
                0.4439038133744063,
                0.600886435259978
            ],
            "up": [
                0,
                0,
                1
            ]
        },
        "camera_view_matrix": [
            [
                -0.9114116430282593,
                0.28655022382736206,
                -0.2953265309333801,
                0.0
            ],
            [
                -0.41149580478668213,
                -0.6346728801727295,
                0.6541113257408142,
                0.0
            ],
            [
                0.0,
                0.7176902890205383,
                0.6963624358177185,
                0.0
            ],
            [
                -0.07816462218761444,
                -0.06751132011413574,
                -0.7933142781257629,
                1.0
            ]
        ],
        "height": 1600,
        "intrinsics": {
            "cx": 800.0,
            "cy": 800.0,
            "fx": 1931.371337890625,
            "fy": 1931.371337890625
        },
        "location_world": [
            -0.2861815392971039,
            0.4439038038253784,
            0.6008864641189575
        ],
        "quaternion_world_xyzw": [
            -0.08200418949127197,
            0.380912184715271,
            0.9003397822380066,
            -0.1938284933567047
        ],
        "scene_center_3d_box": [
            0.024974003434181213,
            0.03969629108905792,
            0.1144767552614212
        ],
        "scene_max_3d_box": [
            0.22658920288085938,
            0.2669350802898407,
            0.2882981300354004
        ],
        "scene_min_3d_box": [
            -0.17664119601249695,
            -0.18754251301288605,
            -0.059344615787267685
        ],
        "width": 1600
    },
    "objects": []
}