{
    "camera_data": {
        "cam2world": [
            [
                0.30253905057907104,
                0.9531370401382446,
                0.0,
                0.0
            ],
            [
                -0.48165932297706604,
                0.15288543701171875,
                0.8629196882247925,
                0.0
            ],
            [
                0.8224806785583496,
                -0.26106691360473633,
                0.505341112613678,
                0.0
            ],
            [
                0.6747879385948181,
                -0.12764576077461243,
                0.4103238880634308,
                1.0
            ]
        ],
        "camera_look_at": {
            "at": [
                0.054499270818575835,
                0.0692425886766308,
                0.02921169586333543
            ],
            "eye": [
                0.674787933845853,
                -0.12764575609425394,
                0.4103238935279537
            ],
            "up": [
                0,
                0,
                1
            ]
        },
        "camera_view_matrix": [
            [
                0.30253905057907104,
                -0.48165932297706604,
                0.8224806785583496,
                0.0
            ],
            [
                0.9531370401382446,
                0.15288543701171875,
                -0.26106691360473633,
                0.0
            ],
            [
                0.0,
                0.8629196882247925,
                0.505341112613678,
                0.0
            ],
            [
                -0.08248580247163773,
                -0.00954347848892212,
                -0.795677661895752,
                1.0
            ]
        ],
        "height": 1600,
        "intrinsics": {
            "cx": 800.0,
            "cy": 800.0,
            "fx": 1931.371337890625,
            "fy": 1931.371337890625
        },
        "location_world": [
            0.6747879385948181,
            -0.12764576077461243,
            0.4103238880634308
        ],
        "quaternion_world_xyzw": [
            0.4013454020023346,
            0.2936857342720032,
            0.5123271942138672,
            0.7001367211341858
        ],
        "scene_center_3d_box": [
            0.024974003434181213,
            0.03969629108905792,
            0.1144767552614212
        ],
        "scene_max_3d_box": [
            0.22658920288085938,
            0.2669350802898407,
            0.2882981300354004
        ],
        "scene_min_3d_box": [
            -0.17664119601249695,
            -0.18754251301288605,
            -0.059344615787267685
        ],
        "width": 1600
    },
    "objects": []
}