{
    "camera_data": {
        "cam2world": [
            [
                0.8255130052566528,
                0.5643830299377441,
                2.9802322387695312e-08,
                0.0
            ],
            [
                -0.039319515228271484,
                0.05751192569732666,
                0.997570276260376,
                0.0
            ],
            [
                0.5630117654800415,
                -0.8235073089599609,
                0.06966811418533325,
                0.0
            ],
            [
                0.4893021285533905,
                -0.6187099814414978,
                0.1335446685552597,
                1.0
            ]
        ],
        "camera_look_at": {
            "at": [
                0.013078404969776053,
                0.07785411224364375,
                0.07461586843193545
            ],
            "eye": [
                0.48930213588686744,
                -0.6187099820229671,
                0.1335446696892241
            ],
            "up": [
                0,
                0,
                1
            ]
        },
        "camera_view_matrix": [
            [
                0.8255130052566528,
                -0.039319515228271484,
                0.5630117654800415,
                0.0
            ],
            [
                0.5643830299377441,
                0.05751192569732666,
                -0.8235073089599609,
                0.0
            ],
            [
                2.9802322387695312e-08,
                0.997570276260376,
                0.06966811418533325,
                0.0
            ],
            [
                -0.05473587289452553,
                -0.07839787006378174,
                -0.7942988872528076,
                1.0
            ]
        ],
        "height": 1600,
        "intrinsics": {
            "cx": 800.0,
            "cy": 800.0,
            "fx": 1931.371337890625,
            "fy": 1931.371337890625
        },
        "location_world": [
            0.4893021285533905,
            -0.6187099814414978,
            0.1335446685552597
        ],
        "quaternion_world_xyzw": [
            0.6516005396842957,
            0.20145146548748016,
            0.21601107716560364,
            0.6986939907073975
        ],
        "scene_center_3d_box": [
            0.024974003434181213,
            0.03969629108905792,
            0.1144767552614212
        ],
        "scene_max_3d_box": [
            0.22658920288085938,
            0.2669350802898407,
            0.2882981300354004
        ],
        "scene_min_3d_box": [
            -0.17664119601249695,
            -0.18754251301288605,
            -0.059344615787267685
        ],
        "width": 1600
    },
    "objects": []
}