{
    "camera_data": {
        "cam2world": [
            [
                -0.1503458023071289,
                0.9886335134506226,
                -2.9802322387695312e-08,
                0.0
            ],
            [
                -0.4295673072338104,
                -0.06532609462738037,
                0.9006689190864563,
                0.0
            ],
            [
                0.8904314041137695,
                0.13541167974472046,
                0.43450605869293213,
                0.0
            ],
            [
                0.6689842939376831,
                0.0525585375726223,
                0.43553870916366577,
                1.0
            ]
        ],
        "camera_look_at": {
            "at": [
                -0.07544269222869263,
                -0.060649653257356696,
                0.07227878500408674
            ],
            "eye": [
                0.6689842997859989,
                0.052558537029623945,
                0.4355387124592618
            ],
            "up": [
                0,
                0,
                1
            ]
        },
        "camera_view_matrix": [
            [
                -0.15034544467926025,
                -0.4295671880245209,
                0.89043128490448,
                0.0
            ],
            [
                0.9886332750320435,
                -0.06532597541809082,
                0.13541164994239807,
                0.0
            ],
            [
                0.0,
                0.900668740272522,
                0.4345061779022217,
                0.0
            ],
            [
                0.04861762002110481,
                -0.10146898031234741,
                -0.7920458316802979,
                1.0
            ]
        ],
        "height": 1600,
        "intrinsics": {
            "cx": 800.0,
            "cy": 800.0,
            "fx": 1931.371337890625,
            "fy": 1931.371337890625
        },
        "location_world": [
            0.6689842939376831,
            0.0525585375726223,
            0.43553870916366577
        ],
        "quaternion_world_xyzw": [
            0.34658128023147583,
            0.4032720923423767,
            0.6422962546348572,
            0.5520041584968567
        ],
        "scene_center_3d_box": [
            0.024974003434181213,
            0.03969629108905792,
            0.1144767552614212
        ],
        "scene_max_3d_box": [
            0.22658920288085938,
            0.2669350802898407,
            0.2882981300354004
        ],
        "scene_min_3d_box": [
            -0.17664119601249695,
            -0.18754251301288605,
            -0.059344615787267685
        ],
        "width": 1600
    },
    "objects": []
}