{
    "camera_data": {
        "cam2world": [
            [
                -0.956432580947876,
                -0.29195359349250793,
                -7.450580596923828e-09,
                0.0
            ],
            [
                0.18387693166732788,
                -0.6023762226104736,
                0.7767446041107178,
                0.0
            ],
            [
                -0.22677338123321533,
                0.7429038286209106,
                0.6298156976699829,
                0.0
            ],
            [
                -0.234882652759552,
                0.5841283798217773,
                0.4936022460460663,
                1.0
            ]
        ],
        "camera_look_at": {
            "at": [
                -0.06741902599906802,
                0.03552180245698894,
                0.028507025171023295
            ],
            "eye": [
                -0.23488265287444873,
                0.5841283968041994,
                0.4936022484257163
            ],
            "up": [
                0,
                0,
                1
            ]
        },
        "camera_view_matrix": [
            [
                -0.956432580947876,
                0.18387693166732788,
                -0.22677338123321533,
                0.0
            ],
            [
                -0.29195359349250793,
                -0.6023762226104736,
                0.7429038286209106,
                0.0
            ],
            [
                -7.450580596923828e-09,
                0.7767446041107178,
                0.6298156976699829,
                0.0
            ],
            [
                -0.05411102995276451,
                0.011651664972305298,
                -0.7980947494506836,
                1.0
            ]
        ],
        "height": 1600,
        "intrinsics": {
            "cx": 800.0,
            "cy": 800.0,
            "fx": 1931.371337890625,
            "fy": 1931.371337890625
        },
        "location_world": [
            -0.234882652759552,
            0.5841283798217773,
            0.4936022460460663
        ],
        "quaternion_world_xyzw": [
            -0.06349805742502213,
            0.4255116581916809,
            0.8928359746932983,
            -0.13323570787906647
        ],
        "scene_center_3d_box": [
            0.024974003434181213,
            0.03969629108905792,
            0.1144767552614212
        ],
        "scene_max_3d_box": [
            0.22658920288085938,
            0.2669350802898407,
            0.2882981300354004
        ],
        "scene_min_3d_box": [
            -0.17664119601249695,
            -0.18754251301288605,
            -0.059344615787267685
        ],
        "width": 1600
    },
    "objects": []
}