{
    "camera_data": {
        "cam2world": [
            [
                0.531870424747467,
                -0.8468257784843445,
                -2.9802322387695312e-08,
                0.0
            ],
            [
                0.5156201720237732,
                0.32384830713272095,
                0.7932579517364502,
                0.0
            ],
            [
                -0.6717512607574463,
                -0.42191043496131897,
                0.6088857650756836,
                0.0
            ],
            [
                -0.4606282413005829,
                -0.34843510389328003,
                0.5535842776298523,
                1.0
            ]
        ],
        "camera_look_at": {
            "at": [
                0.0968346005574445,
                0.0016936013939070627,
                0.048291287996892675
            ],
            "eye": [
                -0.4606282492173476,
                -0.3484350938575695,
                0.5535843049603045
            ],
            "up": [
                0,
                0,
                1
            ]
        },
        "camera_view_matrix": [
            [
                0.531870424747467,
                0.5156201720237732,
                -0.6717512607574463,
                0.0
            ],
            [
                -0.8468257784843445,
                0.32384830713272095,
                -0.42191043496131897,
                0.0
            ],
            [
                -2.9802322387695312e-08,
                0.7932579517364502,
                0.6088857650756836,
                0.0
            ],
            [
                -0.05006927251815796,
                -0.08878582715988159,
                -0.7935055494308472,
                1.0
            ]
        ],
        "height": 1600,
        "intrinsics": {
            "cx": 800.0,
            "cy": 800.0,
            "fx": 1931.371337890625,
            "fy": 1931.371337890625
        },
        "location_world": [
            -0.4606282413005829,
            -0.34843510389328003,
            0.5535842776298523
        ],
        "quaternion_world_xyzw": [
            0.38701948523521423,
            -0.21394632756710052,
            -0.433925986289978,
            0.7849529385566711
        ],
        "scene_center_3d_box": [
            0.024974003434181213,
            0.03969629108905792,
            0.1144767552614212
        ],
        "scene_max_3d_box": [
            0.22658920288085938,
            0.2669350802898407,
            0.2882981300354004
        ],
        "scene_min_3d_box": [
            -0.17664119601249695,
            -0.18754251301288605,
            -0.059344615787267685
        ],
        "width": 1600
    },
    "objects": []
}