{
    "camera_data": {
        "cam2world": [
            [
                -0.553597092628479,
                0.8327850699424744,
                0.0,
                0.0
            ],
            [
                -0.6589786410331726,
                -0.43805861473083496,
                0.6114346981048584,
                0.0
            ],
            [
                0.5091935992240906,
                0.33848825097084045,
                0.7912949323654175,
                0.0
            ],
            [
                0.32642483711242676,
                0.30204126238822937,
                0.6650003790855408,
                1.0
            ]
        ],
        "camera_look_at": {
            "at": [
                -0.09934703184635361,
                0.019007915352473564,
                0.003344048620148299
            ],
            "eye": [
                0.3264248438785433,
                0.30204127610588505,
                0.6650003494076464
            ],
            "up": [
                0,
                0,
                1
            ]
        },
        "camera_view_matrix": [
            [
                -0.5535963773727417,
                -0.6589783430099487,
                0.5091934204101562,
                0.0
            ],
            [
                0.8327846527099609,
                -0.4380580186843872,
                0.3384881317615509,
                0.0
            ],
            [
                2.9802322387695312e-08,
                0.6114344596862793,
                0.7912949919700623,
                0.0
            ],
            [
                -0.07082774490118027,
                -0.05918565392494202,
                -0.7946622371673584,
                1.0
            ]
        ],
        "height": 1600,
        "intrinsics": {
            "cx": 800.0,
            "cy": 800.0,
            "fx": 1931.371337890625,
            "fy": 1931.371337890625
        },
        "location_world": [
            0.32642483711242676,
            0.30204126238822937,
            0.6650003790855408
        ],
        "quaternion_world_xyzw": [
            0.15261605381965637,
            0.28471192717552185,
            0.8341088891029358,
            0.4471130073070526
        ],
        "scene_center_3d_box": [
            0.024974003434181213,
            0.03969629108905792,
            0.1144767552614212
        ],
        "scene_max_3d_box": [
            0.22658920288085938,
            0.2669350802898407,
            0.2882981300354004
        ],
        "scene_min_3d_box": [
            -0.17664119601249695,
            -0.18754251301288605,
            -0.059344615787267685
        ],
        "width": 1600
    },
    "objects": []
}