{
    "camera_data": {
        "cam2world": [
            [
                0.599449872970581,
                0.8004122972488403,
                -5.960464477539063e-08,
                0.0
            ],
            [
                -0.2971240282058716,
                0.22252404689788818,
                0.9285474419593811,
                0.0
            ],
            [
                0.7432208061218262,
                -0.5566176772117615,
                0.37121379375457764,
                0.0
            ],
            [
                0.5568647384643555,
                -0.42161262035369873,
                0.39013808965682983,
                1.0
            ]
        ],
        "camera_look_at": {
            "at": [
                -0.06747394767986799,
                0.045970997949868225,
                0.07830192692291303
            ],
            "eye": [
                0.5568647437055791,
                -0.4216126182837261,
                0.3901380776275457
            ],
            "up": [
                0,
                0,
                1
            ]
        },
        "camera_view_matrix": [
            [
                0.599449872970581,
                -0.2971240282058716,
                0.7432208061218262,
                0.0
            ],
            [
                0.8004122972488403,
                0.22252404689788818,
                -0.5566176772117615,
                0.0
            ],
            [
                -5.960464477539063e-08,
                0.9285474419593811,
                0.37121379375457764,
                0.0
            ],
            [
                0.0036514336243271828,
                -0.10298487544059753,
                -0.7933751344680786,
                1.0
            ]
        ],
        "height": 1600,
        "intrinsics": {
            "cx": 800.0,
            "cy": 800.0,
            "fx": 1931.371337890625,
            "fy": 1931.371337890625
        },
        "location_world": [
            0.5568647384643555,
            -0.42161262035369873,
            0.39013808965682983
        ],
        "quaternion_world_xyzw": [
            0.5014259815216064,
            0.25092849135398865,
            0.370553582906723,
            0.7404707670211792
        ],
        "scene_center_3d_box": [
            0.024974003434181213,
            0.03969629108905792,
            0.1144767552614212
        ],
        "scene_max_3d_box": [
            0.22658920288085938,
            0.2669350802898407,
            0.2882981300354004
        ],
        "scene_min_3d_box": [
            -0.17664119601249695,
            -0.18754251301288605,
            -0.059344615787267685
        ],
        "width": 1600
    },
    "objects": []
}